Device: cuda
Vocabulary size: 125 | PAD index: 0
Training data: 1754281 sequences x 100 steps
Trainable parameters: 21636221
Batch size: 128 | batches per epoch: 13705 | epochs: 15
  epoch 1/15 | batch 100/13705 | loss 2.2666 | avg 2.4047
  epoch 1/15 | batch 200/13705 | loss 2.2156 | avg 2.3271
  epoch 1/15 | batch 300/13705 | loss 2.2482 | avg 2.2933
  epoch 1/15 | batch 400/13705 | loss 2.2098 | avg 2.2739
  epoch 1/15 | batch 500/13705 | loss 1.9032 | avg 2.2353
  epoch 1/15 | batch 600/13705 | loss 1.4926 | avg 2.1437
  epoch 1/15 | batch 700/13705 | loss 1.3048 | avg 2.0368
  epoch 1/15 | batch 800/13705 | loss 1.1938 | avg 1.9339
  epoch 1/15 | batch 900/13705 | loss 1.0423 | avg 1.8411
  epoch 1/15 | batch 1000/13705 | loss 1.0168 | avg 1.7582
  epoch 1/15 | batch 1100/13705 | loss 0.9759 | avg 1.6847
  epoch 1/15 | batch 1200/13705 | loss 0.8452 | avg 1.6183
  epoch 1/15 | batch 1300/13705 | loss 0.7908 | avg 1.5591
  epoch 1/15 | batch 1400/13705 | loss 0.7870 | avg 1.5053
  epoch 1/15 | batch 1500/13705 | loss 0.7871 | avg 1.4561
  epoch 1/15 | batch 1600/13705 | loss 0.7082 | avg 1.4115
  epoch 1/15 | batch 1700/13705 | loss 0.6879 | avg 1.3707
  epoch 1/15 | batch 1800/13705 | loss 0.6675 | avg 1.3331
  epoch 1/15 | batch 1900/13705 | loss 0.6690 | avg 1.2987
  epoch 1/15 | batch 2000/13705 | loss 0.6590 | avg 1.2670
  epoch 1/15 | batch 2100/13705 | loss 0.6312 | avg 1.2375
  epoch 1/15 | batch 2200/13705 | loss 0.5818 | avg 1.2101
  epoch 1/15 | batch 2300/13705 | loss 0.6058 | avg 1.1846
  epoch 1/15 | batch 2400/13705 | loss 0.5836 | avg 1.1609
  epoch 1/15 | batch 2500/13705 | loss 0.5876 | avg 1.1388
  epoch 1/15 | batch 2600/13705 | loss 0.5749 | avg 1.1179
  epoch 1/15 | batch 2700/13705 | loss 0.5816 | avg 1.0983
  epoch 1/15 | batch 2800/13705 | loss 0.5910 | avg 1.0798
  epoch 1/15 | batch 2900/13705 | loss 0.5633 | avg 1.0624
  epoch 1/15 | batch 3000/13705 | loss 0.5663 | avg 1.0458
  epoch 1/15 | batch 3100/13705 | loss 0.5617 | avg 1.0302
  epoch 1/15 | batch 3200/13705 | loss 0.5807 | avg 1.0153
  epoch 1/15 | batch 3300/13705 | loss 0.5775 | avg 1.0013
  epoch 1/15 | batch 3400/13705 | loss 0.5331 | avg 0.9880
  epoch 1/15 | batch 3500/13705 | loss 0.5221 | avg 0.9752
  epoch 1/15 | batch 3600/13705 | loss 0.5231 | avg 0.9631
  epoch 1/15 | batch 3700/13705 | loss 0.5377 | avg 0.9514
  epoch 1/15 | batch 3800/13705 | loss 0.5363 | avg 0.9403
  epoch 1/15 | batch 3900/13705 | loss 0.5181 | avg 0.9297
  epoch 1/15 | batch 4000/13705 | loss 0.5158 | avg 0.9195
  epoch 1/15 | batch 4100/13705 | loss 0.5189 | avg 0.9096
  epoch 1/15 | batch 4200/13705 | loss 0.5291 | avg 0.9002
  epoch 1/15 | batch 4300/13705 | loss 0.5077 | avg 0.8911
  epoch 1/15 | batch 4400/13705 | loss 0.5050 | avg 0.8823
  epoch 1/15 | batch 4500/13705 | loss 0.5402 | avg 0.8741
  epoch 1/15 | batch 4600/13705 | loss 0.4856 | avg 0.8661
  epoch 1/15 | batch 4700/13705 | loss 0.4750 | avg 0.8583
  epoch 1/15 | batch 4800/13705 | loss 0.5032 | avg 0.8507
  epoch 1/15 | batch 4900/13705 | loss 0.5029 | avg 0.8435
  epoch 1/15 | batch 5000/13705 | loss 0.4890 | avg 0.8365
  epoch 1/15 | batch 5100/13705 | loss 0.4947 | avg 0.8298
  epoch 1/15 | batch 5200/13705 | loss 0.4984 | avg 0.8233
  epoch 1/15 | batch 5300/13705 | loss 0.4801 | avg 0.8169
  epoch 1/15 | batch 5400/13705 | loss 0.4850 | avg 0.8108
  epoch 1/15 | batch 5500/13705 | loss 0.4989 | avg 0.8048
  epoch 1/15 | batch 5600/13705 | loss 0.4875 | avg 0.7991
  epoch 1/15 | batch 5700/13705 | loss 0.4957 | avg 0.7935
  epoch 1/15 | batch 5800/13705 | loss 0.4614 | avg 0.7880
  epoch 1/15 | batch 5900/13705 | loss 0.5163 | avg 0.7828
  epoch 1/15 | batch 6000/13705 | loss 0.4886 | avg 0.7776
  epoch 1/15 | batch 6100/13705 | loss 0.4537 | avg 0.7726
  epoch 1/15 | batch 6200/13705 | loss 0.4735 | avg 0.7678
  epoch 1/15 | batch 6300/13705 | loss 0.4529 | avg 0.7630
  epoch 1/15 | batch 6400/13705 | loss 0.4687 | avg 0.7584
  epoch 1/15 | batch 6500/13705 | loss 0.4603 | avg 0.7539
  epoch 1/15 | batch 6600/13705 | loss 0.4907 | avg 0.7495
  epoch 1/15 | batch 6700/13705 | loss 0.4403 | avg 0.7452
  epoch 1/15 | batch 6800/13705 | loss 0.4861 | avg 0.7411
  epoch 1/15 | batch 6900/13705 | loss 0.4418 | avg 0.7370
  epoch 1/15 | batch 7000/13705 | loss 0.4489 | avg 0.7331
  epoch 1/15 | batch 7100/13705 | loss 0.4618 | avg 0.7292
  epoch 1/15 | batch 7200/13705 | loss 0.4683 | avg 0.7254
  epoch 1/15 | batch 7300/13705 | loss 0.4358 | avg 0.7218
  epoch 1/15 | batch 7400/13705 | loss 0.4611 | avg 0.7182
  epoch 1/15 | batch 7500/13705 | loss 0.4552 | avg 0.7147
  epoch 1/15 | batch 7600/13705 | loss 0.4449 | avg 0.7112
  epoch 1/15 | batch 7700/13705 | loss 0.4373 | avg 0.7078
  epoch 1/15 | batch 7800/13705 | loss 0.4475 | avg 0.7045
  epoch 1/15 | batch 7900/13705 | loss 0.4486 | avg 0.7013
  epoch 1/15 | batch 8000/13705 | loss 0.4600 | avg 0.6982
  epoch 1/15 | batch 8100/13705 | loss 0.4617 | avg 0.6951
  epoch 1/15 | batch 8200/13705 | loss 0.4350 | avg 0.6920
  epoch 1/15 | batch 8300/13705 | loss 0.4344 | avg 0.6891
  epoch 1/15 | batch 8400/13705 | loss 0.4687 | avg 0.6862
  epoch 1/15 | batch 8500/13705 | loss 0.4496 | avg 0.6834
  epoch 1/15 | batch 8600/13705 | loss 0.4484 | avg 0.6806
  epoch 1/15 | batch 8700/13705 | loss 0.4574 | avg 0.6779
  epoch 1/15 | batch 8800/13705 | loss 0.4554 | avg 0.6752
  epoch 1/15 | batch 8900/13705 | loss 0.4432 | avg 0.6726
  epoch 1/15 | batch 9000/13705 | loss 0.4446 | avg 0.6700
  epoch 1/15 | batch 9100/13705 | loss 0.4205 | avg 0.6675
  epoch 1/15 | batch 9200/13705 | loss 0.4371 | avg 0.6650
  epoch 1/15 | batch 9300/13705 | loss 0.4288 | avg 0.6625
  epoch 1/15 | batch 9400/13705 | loss 0.4295 | avg 0.6602
  epoch 1/15 | batch 9500/13705 | loss 0.4282 | avg 0.6578
  epoch 1/15 | batch 9600/13705 | loss 0.4303 | avg 0.6555
  epoch 1/15 | batch 9700/13705 | loss 0.4438 | avg 0.6533
  epoch 1/15 | batch 9800/13705 | loss 0.4603 | avg 0.6511
  epoch 1/15 | batch 9900/13705 | loss 0.4254 | avg 0.6489
  epoch 1/15 | batch 10000/13705 | loss 0.4450 | avg 0.6467
  epoch 1/15 | batch 10100/13705 | loss 0.4393 | avg 0.6446
  epoch 1/15 | batch 10200/13705 | loss 0.4341 | avg 0.6425
  epoch 1/15 | batch 10300/13705 | loss 0.4456 | avg 0.6405
  epoch 1/15 | batch 10400/13705 | loss 0.4404 | avg 0.6385
  epoch 1/15 | batch 10500/13705 | loss 0.4454 | avg 0.6365
  epoch 1/15 | batch 10600/13705 | loss 0.4456 | avg 0.6345
  epoch 1/15 | batch 10700/13705 | loss 0.4267 | avg 0.6326
  epoch 1/15 | batch 10800/13705 | loss 0.4270 | avg 0.6307
  epoch 1/15 | batch 10900/13705 | loss 0.4257 | avg 0.6289
  epoch 1/15 | batch 11000/13705 | loss 0.4100 | avg 0.6270
  epoch 1/15 | batch 11100/13705 | loss 0.4257 | avg 0.6252
  epoch 1/15 | batch 11200/13705 | loss 0.4315 | avg 0.6235
  epoch 1/15 | batch 11300/13705 | loss 0.4324 | avg 0.6217
  epoch 1/15 | batch 11400/13705 | loss 0.4308 | avg 0.6200
  epoch 1/15 | batch 11500/13705 | loss 0.4306 | avg 0.6183
  epoch 1/15 | batch 11600/13705 | loss 0.4286 | avg 0.6166
  epoch 1/15 | batch 11700/13705 | loss 0.4228 | avg 0.6150
  epoch 1/15 | batch 11800/13705 | loss 0.4420 | avg 0.6134
  epoch 1/15 | batch 11900/13705 | loss 0.3947 | avg 0.6118
  epoch 1/15 | batch 12000/13705 | loss 0.4228 | avg 0.6102
  epoch 1/15 | batch 12100/13705 | loss 0.4364 | avg 0.6086
  epoch 1/15 | batch 12200/13705 | loss 0.4398 | avg 0.6071
  epoch 1/15 | batch 12300/13705 | loss 0.4400 | avg 0.6056
  epoch 1/15 | batch 12400/13705 | loss 0.4107 | avg 0.6041
  epoch 1/15 | batch 12500/13705 | loss 0.3999 | avg 0.6027
  epoch 1/15 | batch 12600/13705 | loss 0.4176 | avg 0.6012
  epoch 1/15 | batch 12700/13705 | loss 0.4140 | avg 0.5998
  epoch 1/15 | batch 12800/13705 | loss 0.4199 | avg 0.5984
  epoch 1/15 | batch 12900/13705 | loss 0.4260 | avg 0.5970
  epoch 1/15 | batch 13000/13705 | loss 0.3991 | avg 0.5956
  epoch 1/15 | batch 13100/13705 | loss 0.4077 | avg 0.5942
  epoch 1/15 | batch 13200/13705 | loss 0.4282 | avg 0.5929
  epoch 1/15 | batch 13300/13705 | loss 0.4044 | avg 0.5916
  epoch 1/15 | batch 13400/13705 | loss 0.3966 | avg 0.5902
  epoch 1/15 | batch 13500/13705 | loss 0.4025 | avg 0.5890
  epoch 1/15 | batch 13600/13705 | loss 0.4141 | avg 0.5877
  epoch 1/15 | batch 13700/13705 | loss 0.4087 | avg 0.5865
Epoch 1/15 | average loss 0.5864
  epoch 2/15 | batch 100/13705 | loss 0.4200 | avg 0.4109
  epoch 2/15 | batch 200/13705 | loss 0.4074 | avg 0.4107
  epoch 2/15 | batch 300/13705 | loss 0.3996 | avg 0.4102
  epoch 2/15 | batch 400/13705 | loss 0.4079 | avg 0.4107
  epoch 2/15 | batch 500/13705 | loss 0.4068 | avg 0.4109
  epoch 2/15 | batch 600/13705 | loss 0.4045 | avg 0.4112
  epoch 2/15 | batch 700/13705 | loss 0.4203 | avg 0.4111
  epoch 2/15 | batch 800/13705 | loss 0.4441 | avg 0.4112
  epoch 2/15 | batch 900/13705 | loss 0.4229 | avg 0.4112
  epoch 2/15 | batch 1000/13705 | loss 0.3994 | avg 0.4112
  epoch 2/15 | batch 1100/13705 | loss 0.4015 | avg 0.4110
  epoch 2/15 | batch 1200/13705 | loss 0.4150 | avg 0.4110
  epoch 2/15 | batch 1300/13705 | loss 0.3833 | avg 0.4108
  epoch 2/15 | batch 1400/13705 | loss 0.3948 | avg 0.4107
  epoch 2/15 | batch 1500/13705 | loss 0.4120 | avg 0.4107
  epoch 2/15 | batch 1600/13705 | loss 0.4083 | avg 0.4105
  epoch 2/15 | batch 1700/13705 | loss 0.4198 | avg 0.4104
  epoch 2/15 | batch 1800/13705 | loss 0.3980 | avg 0.4103
  epoch 2/15 | batch 1900/13705 | loss 0.3911 | avg 0.4103
  epoch 2/15 | batch 2000/13705 | loss 0.3996 | avg 0.4102
  epoch 2/15 | batch 2100/13705 | loss 0.3923 | avg 0.4099
  epoch 2/15 | batch 2200/13705 | loss 0.3817 | avg 0.4097
  epoch 2/15 | batch 2300/13705 | loss 0.3959 | avg 0.4095
  epoch 2/15 | batch 2400/13705 | loss 0.4036 | avg 0.4094
  epoch 2/15 | batch 2500/13705 | loss 0.4076 | avg 0.4093
  epoch 2/15 | batch 2600/13705 | loss 0.4038 | avg 0.4092
  epoch 2/15 | batch 2700/13705 | loss 0.3862 | avg 0.4091
  epoch 2/15 | batch 2800/13705 | loss 0.4066 | avg 0.4090
  epoch 2/15 | batch 2900/13705 | loss 0.3977 | avg 0.4088
  epoch 2/15 | batch 3000/13705 | loss 0.4209 | avg 0.4087
  epoch 2/15 | batch 3100/13705 | loss 0.3960 | avg 0.4086
  epoch 2/15 | batch 3200/13705 | loss 0.3997 | avg 0.4085
  epoch 2/15 | batch 3300/13705 | loss 0.3903 | avg 0.4084
  epoch 2/15 | batch 3400/13705 | loss 0.4029 | avg 0.4083
  epoch 2/15 | batch 3500/13705 | loss 0.4169 | avg 0.4083
  epoch 2/15 | batch 3600/13705 | loss 0.4367 | avg 0.4081
  epoch 2/15 | batch 3700/13705 | loss 0.3890 | avg 0.4080
  epoch 2/15 | batch 3800/13705 | loss 0.4242 | avg 0.4079
  epoch 2/15 | batch 3900/13705 | loss 0.3955 | avg 0.4077
  epoch 2/15 | batch 4000/13705 | loss 0.4088 | avg 0.4076
  epoch 2/15 | batch 4100/13705 | loss 0.4128 | avg 0.4075
  epoch 2/15 | batch 4200/13705 | loss 0.4055 | avg 0.4073
  epoch 2/15 | batch 4300/13705 | loss 0.3988 | avg 0.4072
  epoch 2/15 | batch 4400/13705 | loss 0.4032 | avg 0.4071
  epoch 2/15 | batch 4500/13705 | loss 0.3915 | avg 0.4070
  epoch 2/15 | batch 4600/13705 | loss 0.3807 | avg 0.4068
  epoch 2/15 | batch 4700/13705 | loss 0.3911 | avg 0.4067
  epoch 2/15 | batch 4800/13705 | loss 0.4040 | avg 0.4066
  epoch 2/15 | batch 4900/13705 | loss 0.3986 | avg 0.4065
  epoch 2/15 | batch 5000/13705 | loss 0.4000 | avg 0.4063
  epoch 2/15 | batch 5100/13705 | loss 0.4042 | avg 0.4062
  epoch 2/15 | batch 5200/13705 | loss 0.4101 | avg 0.4061
  epoch 2/15 | batch 5300/13705 | loss 0.4068 | avg 0.4059
  epoch 2/15 | batch 5400/13705 | loss 0.3931 | avg 0.4058
  epoch 2/15 | batch 5500/13705 | loss 0.3928 | avg 0.4057
  epoch 2/15 | batch 5600/13705 | loss 0.4018 | avg 0.4056
  epoch 2/15 | batch 5700/13705 | loss 0.3890 | avg 0.4055
  epoch 2/15 | batch 5800/13705 | loss 0.3985 | avg 0.4054
  epoch 2/15 | batch 5900/13705 | loss 0.3947 | avg 0.4053
  epoch 2/15 | batch 6000/13705 | loss 0.3911 | avg 0.4052
  epoch 2/15 | batch 6100/13705 | loss 0.3833 | avg 0.4051
  epoch 2/15 | batch 6200/13705 | loss 0.3983 | avg 0.4050
  epoch 2/15 | batch 6300/13705 | loss 0.3908 | avg 0.4048
  epoch 2/15 | batch 6400/13705 | loss 0.3699 | avg 0.4047
  epoch 2/15 | batch 6500/13705 | loss 0.4057 | avg 0.4046
  epoch 2/15 | batch 6600/13705 | loss 0.3970 | avg 0.4045
  epoch 2/15 | batch 6700/13705 | loss 0.4064 | avg 0.4044
  epoch 2/15 | batch 6800/13705 | loss 0.3998 | avg 0.4043
  epoch 2/15 | batch 6900/13705 | loss 0.3978 | avg 0.4042
  epoch 2/15 | batch 7000/13705 | loss 0.4043 | avg 0.4041
  epoch 2/15 | batch 7100/13705 | loss 0.3900 | avg 0.4040
  epoch 2/15 | batch 7200/13705 | loss 0.4028 | avg 0.4039
  epoch 2/15 | batch 7300/13705 | loss 0.3893 | avg 0.4038
  epoch 2/15 | batch 7400/13705 | loss 0.3872 | avg 0.4037
  epoch 2/15 | batch 7500/13705 | loss 0.3904 | avg 0.4036
  epoch 2/15 | batch 7600/13705 | loss 0.4087 | avg 0.4035
  epoch 2/15 | batch 7700/13705 | loss 0.3896 | avg 0.4034
  epoch 2/15 | batch 7800/13705 | loss 0.4070 | avg 0.4033
  epoch 2/15 | batch 7900/13705 | loss 0.3911 | avg 0.4032
  epoch 2/15 | batch 8000/13705 | loss 0.3957 | avg 0.4031
  epoch 2/15 | batch 8100/13705 | loss 0.4086 | avg 0.4030
  epoch 2/15 | batch 8200/13705 | loss 0.4058 | avg 0.4029
  epoch 2/15 | batch 8300/13705 | loss 0.3964 | avg 0.4028
  epoch 2/15 | batch 8400/13705 | loss 0.3987 | avg 0.4027
  epoch 2/15 | batch 8500/13705 | loss 0.3833 | avg 0.4026
  epoch 2/15 | batch 8600/13705 | loss 0.4042 | avg 0.4025
  epoch 2/15 | batch 8700/13705 | loss 0.4018 | avg 0.4024
  epoch 2/15 | batch 8800/13705 | loss 0.4033 | avg 0.4023
  epoch 2/15 | batch 8900/13705 | loss 0.3790 | avg 0.4022
  epoch 2/15 | batch 9000/13705 | loss 0.4051 | avg 0.4021
  epoch 2/15 | batch 9100/13705 | loss 0.3933 | avg 0.4020
  epoch 2/15 | batch 9200/13705 | loss 0.3826 | avg 0.4019
  epoch 2/15 | batch 9300/13705 | loss 0.4069 | avg 0.4018
  epoch 2/15 | batch 9400/13705 | loss 0.3836 | avg 0.4017
  epoch 2/15 | batch 9500/13705 | loss 0.3932 | avg 0.4016
  epoch 2/15 | batch 9600/13705 | loss 0.3935 | avg 0.4015
  epoch 2/15 | batch 9700/13705 | loss 0.3851 | avg 0.4014
  epoch 2/15 | batch 9800/13705 | loss 0.3946 | avg 0.4012
  epoch 2/15 | batch 9900/13705 | loss 0.3856 | avg 0.4011
  epoch 2/15 | batch 10000/13705 | loss 0.3996 | avg 0.4010
  epoch 2/15 | batch 10100/13705 | loss 0.3901 | avg 0.4010
  epoch 2/15 | batch 10200/13705 | loss 0.3702 | avg 0.4009
  epoch 2/15 | batch 10300/13705 | loss 0.3879 | avg 0.4008
  epoch 2/15 | batch 10400/13705 | loss 0.3933 | avg 0.4007
  epoch 2/15 | batch 10500/13705 | loss 0.3964 | avg 0.4006
  epoch 2/15 | batch 10600/13705 | loss 0.3874 | avg 0.4005
  epoch 2/15 | batch 10700/13705 | loss 0.3824 | avg 0.4004
  epoch 2/15 | batch 10800/13705 | loss 0.4067 | avg 0.4004
  epoch 2/15 | batch 10900/13705 | loss 0.3812 | avg 0.4003
  epoch 2/15 | batch 11000/13705 | loss 0.3957 | avg 0.4002
  epoch 2/15 | batch 11100/13705 | loss 0.3913 | avg 0.4001
  epoch 2/15 | batch 11200/13705 | loss 0.4144 | avg 0.4000
  epoch 2/15 | batch 11300/13705 | loss 0.3844 | avg 0.3999
  epoch 2/15 | batch 11400/13705 | loss 0.3993 | avg 0.3999
  epoch 2/15 | batch 11500/13705 | loss 0.4039 | avg 0.3998
  epoch 2/15 | batch 11600/13705 | loss 0.3793 | avg 0.3997
  epoch 2/15 | batch 11700/13705 | loss 0.3873 | avg 0.3996
  epoch 2/15 | batch 11800/13705 | loss 0.4005 | avg 0.3995
  epoch 2/15 | batch 11900/13705 | loss 0.3918 | avg 0.3994
  epoch 2/15 | batch 12000/13705 | loss 0.4022 | avg 0.3993
  epoch 2/15 | batch 12100/13705 | loss 0.3785 | avg 0.3992
  epoch 2/15 | batch 12200/13705 | loss 0.3846 | avg 0.3992
  epoch 2/15 | batch 12300/13705 | loss 0.4004 | avg 0.3991
  epoch 2/15 | batch 12400/13705 | loss 0.3827 | avg 0.3990
  epoch 2/15 | batch 12500/13705 | loss 0.3854 | avg 0.3989
  epoch 2/15 | batch 12600/13705 | loss 0.3974 | avg 0.3988
  epoch 2/15 | batch 12700/13705 | loss 0.4009 | avg 0.3988
  epoch 2/15 | batch 12800/13705 | loss 0.4049 | avg 0.3987
  epoch 2/15 | batch 12900/13705 | loss 0.3886 | avg 0.3986
  epoch 2/15 | batch 13000/13705 | loss 0.3945 | avg 0.3985
  epoch 2/15 | batch 13100/13705 | loss 0.3910 | avg 0.3984
  epoch 2/15 | batch 13200/13705 | loss 0.3838 | avg 0.3983
  epoch 2/15 | batch 13300/13705 | loss 0.3908 | avg 0.3982
  epoch 2/15 | batch 13400/13705 | loss 0.3712 | avg 0.3981
  epoch 2/15 | batch 13500/13705 | loss 0.3726 | avg 0.3981
  epoch 2/15 | batch 13600/13705 | loss 0.3808 | avg 0.3980
  epoch 2/15 | batch 13700/13705 | loss 0.3781 | avg 0.3979
Epoch 2/15 | average loss 0.3979
  epoch 3/15 | batch 100/13705 | loss 0.4003 | avg 0.3837
  epoch 3/15 | batch 200/13705 | loss 0.3864 | avg 0.3835
  epoch 3/15 | batch 300/13705 | loss 0.3910 | avg 0.3837
  epoch 3/15 | batch 400/13705 | loss 0.4111 | avg 0.3839
  epoch 3/15 | batch 500/13705 | loss 0.3891 | avg 0.3841
  epoch 3/15 | batch 600/13705 | loss 0.3723 | avg 0.3839
  epoch 3/15 | batch 700/13705 | loss 0.3916 | avg 0.3839
  epoch 3/15 | batch 800/13705 | loss 0.3855 | avg 0.3839
  epoch 3/15 | batch 900/13705 | loss 0.3671 | avg 0.3838
  epoch 3/15 | batch 1000/13705 | loss 0.3809 | avg 0.3837
  epoch 3/15 | batch 1100/13705 | loss 0.3946 | avg 0.3836
  epoch 3/15 | batch 1200/13705 | loss 0.3914 | avg 0.3838
  epoch 3/15 | batch 1300/13705 | loss 0.4002 | avg 0.3838
  epoch 3/15 | batch 1400/13705 | loss 0.3823 | avg 0.3837
  epoch 3/15 | batch 1500/13705 | loss 0.3819 | avg 0.3837
  epoch 3/15 | batch 1600/13705 | loss 0.3915 | avg 0.3837
  epoch 3/15 | batch 1700/13705 | loss 0.3810 | avg 0.3836
  epoch 3/15 | batch 1800/13705 | loss 0.3984 | avg 0.3836
  epoch 3/15 | batch 1900/13705 | loss 0.3945 | avg 0.3837
  epoch 3/15 | batch 2000/13705 | loss 0.3974 | avg 0.3837
  epoch 3/15 | batch 2100/13705 | loss 0.3705 | avg 0.3837
  epoch 3/15 | batch 2200/13705 | loss 0.3978 | avg 0.3837
  epoch 3/15 | batch 2300/13705 | loss 0.3815 | avg 0.3836
  epoch 3/15 | batch 2400/13705 | loss 0.3726 | avg 0.3836
  epoch 3/15 | batch 2500/13705 | loss 0.3715 | avg 0.3835
  epoch 3/15 | batch 2600/13705 | loss 0.3966 | avg 0.3835
  epoch 3/15 | batch 2700/13705 | loss 0.3828 | avg 0.3834
  epoch 3/15 | batch 2800/13705 | loss 0.3876 | avg 0.3833
  epoch 3/15 | batch 2900/13705 | loss 0.3999 | avg 0.3833
  epoch 3/15 | batch 3000/13705 | loss 0.3833 | avg 0.3833
  epoch 3/15 | batch 3100/13705 | loss 0.3913 | avg 0.3833
  epoch 3/15 | batch 3200/13705 | loss 0.3807 | avg 0.3832
  epoch 3/15 | batch 3300/13705 | loss 0.4041 | avg 0.3832
  epoch 3/15 | batch 3400/13705 | loss 0.3908 | avg 0.3832
  epoch 3/15 | batch 3500/13705 | loss 0.3726 | avg 0.3831
  epoch 3/15 | batch 3600/13705 | loss 0.3953 | avg 0.3831
  epoch 3/15 | batch 3700/13705 | loss 0.3819 | avg 0.3831
  epoch 3/15 | batch 3800/13705 | loss 0.3812 | avg 0.3830
  epoch 3/15 | batch 3900/13705 | loss 0.3764 | avg 0.3830
  epoch 3/15 | batch 4000/13705 | loss 0.3893 | avg 0.3830
  epoch 3/15 | batch 4100/13705 | loss 0.3860 | avg 0.3830
  epoch 3/15 | batch 4200/13705 | loss 0.3727 | avg 0.3829
  epoch 3/15 | batch 4300/13705 | loss 0.3833 | avg 0.3829
  epoch 3/15 | batch 4400/13705 | loss 0.3932 | avg 0.3828
  epoch 3/15 | batch 4500/13705 | loss 0.3905 | avg 0.3828
  epoch 3/15 | batch 4600/13705 | loss 0.3670 | avg 0.3827
  epoch 3/15 | batch 4700/13705 | loss 0.3765 | avg 0.3827
  epoch 3/15 | batch 4800/13705 | loss 0.3870 | avg 0.3827
  epoch 3/15 | batch 4900/13705 | loss 0.3923 | avg 0.3827
  epoch 3/15 | batch 5000/13705 | loss 0.3789 | avg 0.3826
  epoch 3/15 | batch 5100/13705 | loss 0.4070 | avg 0.3826
  epoch 3/15 | batch 5200/13705 | loss 0.3604 | avg 0.3826
  epoch 3/15 | batch 5300/13705 | loss 0.3767 | avg 0.3826
  epoch 3/15 | batch 5400/13705 | loss 0.3741 | avg 0.3825
  epoch 3/15 | batch 5500/13705 | loss 0.3612 | avg 0.3825
  epoch 3/15 | batch 5600/13705 | loss 0.3908 | avg 0.3825
  epoch 3/15 | batch 5700/13705 | loss 0.3906 | avg 0.3824
  epoch 3/15 | batch 5800/13705 | loss 0.3747 | avg 0.3824
  epoch 3/15 | batch 5900/13705 | loss 0.3749 | avg 0.3824
  epoch 3/15 | batch 6000/13705 | loss 0.3741 | avg 0.3824
  epoch 3/15 | batch 6100/13705 | loss 0.3704 | avg 0.3823
  epoch 3/15 | batch 6200/13705 | loss 0.3876 | avg 0.3823
  epoch 3/15 | batch 6300/13705 | loss 0.3761 | avg 0.3822
  epoch 3/15 | batch 6400/13705 | loss 0.3880 | avg 0.3822
  epoch 3/15 | batch 6500/13705 | loss 0.3837 | avg 0.3822
  epoch 3/15 | batch 6600/13705 | loss 0.3756 | avg 0.3822
  epoch 3/15 | batch 6700/13705 | loss 0.3723 | avg 0.3821
  epoch 3/15 | batch 6800/13705 | loss 0.3888 | avg 0.3821
  epoch 3/15 | batch 6900/13705 | loss 0.3697 | avg 0.3821
  epoch 3/15 | batch 7000/13705 | loss 0.3763 | avg 0.3820
  epoch 3/15 | batch 7100/13705 | loss 0.3866 | avg 0.3820
  epoch 3/15 | batch 7200/13705 | loss 0.3750 | avg 0.3820
  epoch 3/15 | batch 7300/13705 | loss 0.3871 | avg 0.3820
  epoch 3/15 | batch 7400/13705 | loss 0.3869 | avg 0.3820
  epoch 3/15 | batch 7500/13705 | loss 0.4076 | avg 0.3819
  epoch 3/15 | batch 7600/13705 | loss 0.3916 | avg 0.3819
  epoch 3/15 | batch 7700/13705 | loss 0.3811 | avg 0.3818
  epoch 3/15 | batch 7800/13705 | loss 0.4020 | avg 0.3818
  epoch 3/15 | batch 7900/13705 | loss 0.3805 | avg 0.3818
  epoch 3/15 | batch 8000/13705 | loss 0.3815 | avg 0.3817
  epoch 3/15 | batch 8100/13705 | loss 0.3741 | avg 0.3817
  epoch 3/15 | batch 8200/13705 | loss 0.3719 | avg 0.3817
  epoch 3/15 | batch 8300/13705 | loss 0.3722 | avg 0.3817
  epoch 3/15 | batch 8400/13705 | loss 0.3862 | avg 0.3816
  epoch 3/15 | batch 8500/13705 | loss 0.3718 | avg 0.3816
  epoch 3/15 | batch 8600/13705 | loss 0.4003 | avg 0.3815
  epoch 3/15 | batch 8700/13705 | loss 0.3737 | avg 0.3815
  epoch 3/15 | batch 8800/13705 | loss 0.3618 | avg 0.3815
  epoch 3/15 | batch 8900/13705 | loss 0.3781 | avg 0.3814
  epoch 3/15 | batch 9000/13705 | loss 0.3752 | avg 0.3814
  epoch 3/15 | batch 9100/13705 | loss 0.3834 | avg 0.3814
  epoch 3/15 | batch 9200/13705 | loss 0.3847 | avg 0.3814
  epoch 3/15 | batch 9300/13705 | loss 0.3588 | avg 0.3813
  epoch 3/15 | batch 9400/13705 | loss 0.3854 | avg 0.3813
  epoch 3/15 | batch 9500/13705 | loss 0.3927 | avg 0.3812
  epoch 3/15 | batch 9600/13705 | loss 0.3559 | avg 0.3812
  epoch 3/15 | batch 9700/13705 | loss 0.3752 | avg 0.3812
  epoch 3/15 | batch 9800/13705 | loss 0.3541 | avg 0.3812
  epoch 3/15 | batch 9900/13705 | loss 0.3709 | avg 0.3811
  epoch 3/15 | batch 10000/13705 | loss 0.3721 | avg 0.3811
  epoch 3/15 | batch 10100/13705 | loss 0.3644 | avg 0.3811
  epoch 3/15 | batch 10200/13705 | loss 0.3751 | avg 0.3810
  epoch 3/15 | batch 10300/13705 | loss 0.3811 | avg 0.3810
  epoch 3/15 | batch 10400/13705 | loss 0.3796 | avg 0.3810
  epoch 3/15 | batch 10500/13705 | loss 0.3790 | avg 0.3809
  epoch 3/15 | batch 10600/13705 | loss 0.3760 | avg 0.3809
  epoch 3/15 | batch 10700/13705 | loss 0.3753 | avg 0.3809
  epoch 3/15 | batch 10800/13705 | loss 0.3753 | avg 0.3808
  epoch 3/15 | batch 10900/13705 | loss 0.3594 | avg 0.3808
  epoch 3/15 | batch 11000/13705 | loss 0.3856 | avg 0.3808
  epoch 3/15 | batch 11100/13705 | loss 0.3699 | avg 0.3808
  epoch 3/15 | batch 11200/13705 | loss 0.3865 | avg 0.3807
  epoch 3/15 | batch 11300/13705 | loss 0.3801 | avg 0.3807
  epoch 3/15 | batch 11400/13705 | loss 0.3736 | avg 0.3807
  epoch 3/15 | batch 11500/13705 | loss 0.3951 | avg 0.3807
  epoch 3/15 | batch 11600/13705 | loss 0.3796 | avg 0.3806
  epoch 3/15 | batch 11700/13705 | loss 0.3810 | avg 0.3806
  epoch 3/15 | batch 11800/13705 | loss 0.3816 | avg 0.3806
  epoch 3/15 | batch 11900/13705 | loss 0.3777 | avg 0.3806
  epoch 3/15 | batch 12000/13705 | loss 0.3693 | avg 0.3805
  epoch 3/15 | batch 12100/13705 | loss 0.3824 | avg 0.3805
  epoch 3/15 | batch 12200/13705 | loss 0.3829 | avg 0.3805
  epoch 3/15 | batch 12300/13705 | loss 0.3777 | avg 0.3805
  epoch 3/15 | batch 12400/13705 | loss 0.3850 | avg 0.3804
  epoch 3/15 | batch 12500/13705 | loss 0.3816 | avg 0.3804
  epoch 3/15 | batch 12600/13705 | loss 0.3699 | avg 0.3804
  epoch 3/15 | batch 12700/13705 | loss 0.3974 | avg 0.3804
  epoch 3/15 | batch 12800/13705 | loss 0.3767 | avg 0.3803
  epoch 3/15 | batch 12900/13705 | loss 0.3518 | avg 0.3803
  epoch 3/15 | batch 13000/13705 | loss 0.3945 | avg 0.3803
  epoch 3/15 | batch 13100/13705 | loss 0.3879 | avg 0.3802
  epoch 3/15 | batch 13200/13705 | loss 0.3661 | avg 0.3802
  epoch 3/15 | batch 13300/13705 | loss 0.3589 | avg 0.3802
  epoch 3/15 | batch 13400/13705 | loss 0.3799 | avg 0.3801
  epoch 3/15 | batch 13500/13705 | loss 0.3780 | avg 0.3801
  epoch 3/15 | batch 13600/13705 | loss 0.3843 | avg 0.3801
  epoch 3/15 | batch 13700/13705 | loss 0.3767 | avg 0.3801
Epoch 3/15 | average loss 0.3801
  epoch 4/15 | batch 100/13705 | loss 0.3668 | avg 0.3737
  epoch 4/15 | batch 200/13705 | loss 0.3498 | avg 0.3737
  epoch 4/15 | batch 300/13705 | loss 0.3610 | avg 0.3737
  epoch 4/15 | batch 400/13705 | loss 0.3636 | avg 0.3736
  epoch 4/15 | batch 500/13705 | loss 0.3571 | avg 0.3734
  epoch 4/15 | batch 600/13705 | loss 0.3839 | avg 0.3736
  epoch 4/15 | batch 700/13705 | loss 0.3699 | avg 0.3737
  epoch 4/15 | batch 800/13705 | loss 0.3723 | avg 0.3735
  epoch 4/15 | batch 900/13705 | loss 0.3727 | avg 0.3734
  epoch 4/15 | batch 1000/13705 | loss 0.3678 | avg 0.3733
  epoch 4/15 | batch 1100/13705 | loss 0.3666 | avg 0.3732
  epoch 4/15 | batch 1200/13705 | loss 0.3698 | avg 0.3731
  epoch 4/15 | batch 1300/13705 | loss 0.3732 | avg 0.3732
  epoch 4/15 | batch 1400/13705 | loss 0.3681 | avg 0.3731
  epoch 4/15 | batch 1500/13705 | loss 0.3702 | avg 0.3730
  epoch 4/15 | batch 1600/13705 | loss 0.3649 | avg 0.3729
  epoch 4/15 | batch 1700/13705 | loss 0.3870 | avg 0.3730
  epoch 4/15 | batch 1800/13705 | loss 0.3654 | avg 0.3729
  epoch 4/15 | batch 1900/13705 | loss 0.3427 | avg 0.3729
  epoch 4/15 | batch 2000/13705 | loss 0.3800 | avg 0.3728
  epoch 4/15 | batch 2100/13705 | loss 0.3732 | avg 0.3729
  epoch 4/15 | batch 2200/13705 | loss 0.3736 | avg 0.3729
  epoch 4/15 | batch 2300/13705 | loss 0.3741 | avg 0.3730
  epoch 4/15 | batch 2400/13705 | loss 0.3690 | avg 0.3730
  epoch 4/15 | batch 2500/13705 | loss 0.3865 | avg 0.3731
  epoch 4/15 | batch 2600/13705 | loss 0.3769 | avg 0.3731
  epoch 4/15 | batch 2700/13705 | loss 0.3735 | avg 0.3731
  epoch 4/15 | batch 2800/13705 | loss 0.3647 | avg 0.3731
  epoch 4/15 | batch 2900/13705 | loss 0.3529 | avg 0.3731
  epoch 4/15 | batch 3000/13705 | loss 0.3665 | avg 0.3732
  epoch 4/15 | batch 3100/13705 | loss 0.3658 | avg 0.3731
  epoch 4/15 | batch 3200/13705 | loss 0.3785 | avg 0.3732
  epoch 4/15 | batch 3300/13705 | loss 0.3733 | avg 0.3732
  epoch 4/15 | batch 3400/13705 | loss 0.3842 | avg 0.3732
  epoch 4/15 | batch 3500/13705 | loss 0.3645 | avg 0.3731
  epoch 4/15 | batch 3600/13705 | loss 0.3671 | avg 0.3731
  epoch 4/15 | batch 3700/13705 | loss 0.3755 | avg 0.3731
  epoch 4/15 | batch 3800/13705 | loss 0.3761 | avg 0.3731
  epoch 4/15 | batch 3900/13705 | loss 0.3739 | avg 0.3731
  epoch 4/15 | batch 4000/13705 | loss 0.3757 | avg 0.3730
  epoch 4/15 | batch 4100/13705 | loss 0.3776 | avg 0.3730
  epoch 4/15 | batch 4200/13705 | loss 0.3745 | avg 0.3730
  epoch 4/15 | batch 4300/13705 | loss 0.3661 | avg 0.3730
  epoch 4/15 | batch 4400/13705 | loss 0.3955 | avg 0.3730
  epoch 4/15 | batch 4500/13705 | loss 0.3743 | avg 0.3730
  epoch 4/15 | batch 4600/13705 | loss 0.3936 | avg 0.3730
  epoch 4/15 | batch 4700/13705 | loss 0.3661 | avg 0.3730
  epoch 4/15 | batch 4800/13705 | loss 0.3542 | avg 0.3730
  epoch 4/15 | batch 4900/13705 | loss 0.3743 | avg 0.3730
  epoch 4/15 | batch 5000/13705 | loss 0.3778 | avg 0.3729
  epoch 4/15 | batch 5100/13705 | loss 0.3662 | avg 0.3729
  epoch 4/15 | batch 5200/13705 | loss 0.3856 | avg 0.3729
  epoch 4/15 | batch 5300/13705 | loss 0.3895 | avg 0.3728
  epoch 4/15 | batch 5400/13705 | loss 0.3820 | avg 0.3728
  epoch 4/15 | batch 5500/13705 | loss 0.3684 | avg 0.3728
  epoch 4/15 | batch 5600/13705 | loss 0.3725 | avg 0.3728
  epoch 4/15 | batch 5700/13705 | loss 0.3803 | avg 0.3728
  epoch 4/15 | batch 5800/13705 | loss 0.3627 | avg 0.3728
  epoch 4/15 | batch 5900/13705 | loss 0.3632 | avg 0.3728
  epoch 4/15 | batch 6000/13705 | loss 0.3720 | avg 0.3728
  epoch 4/15 | batch 6100/13705 | loss 0.3565 | avg 0.3728
  epoch 4/15 | batch 6200/13705 | loss 0.3788 | avg 0.3728
  epoch 4/15 | batch 6300/13705 | loss 0.3716 | avg 0.3728
  epoch 4/15 | batch 6400/13705 | loss 0.3632 | avg 0.3727
  epoch 4/15 | batch 6500/13705 | loss 0.3552 | avg 0.3727
  epoch 4/15 | batch 6600/13705 | loss 0.3573 | avg 0.3727
  epoch 4/15 | batch 6700/13705 | loss 0.3759 | avg 0.3727
  epoch 4/15 | batch 6800/13705 | loss 0.3747 | avg 0.3727
  epoch 4/15 | batch 6900/13705 | loss 0.3546 | avg 0.3727
  epoch 4/15 | batch 7000/13705 | loss 0.3638 | avg 0.3727
  epoch 4/15 | batch 7100/13705 | loss 0.3607 | avg 0.3726
  epoch 4/15 | batch 7200/13705 | loss 0.3766 | avg 0.3726
  epoch 4/15 | batch 7300/13705 | loss 0.3562 | avg 0.3726
  epoch 4/15 | batch 7400/13705 | loss 0.3792 | avg 0.3726
  epoch 4/15 | batch 7500/13705 | loss 0.3622 | avg 0.3726
  epoch 4/15 | batch 7600/13705 | loss 0.3755 | avg 0.3725
  epoch 4/15 | batch 7700/13705 | loss 0.3598 | avg 0.3725
  epoch 4/15 | batch 7800/13705 | loss 0.3728 | avg 0.3725
  epoch 4/15 | batch 7900/13705 | loss 0.3917 | avg 0.3725
  epoch 4/15 | batch 8000/13705 | loss 0.3652 | avg 0.3725
  epoch 4/15 | batch 8100/13705 | loss 0.3743 | avg 0.3725
  epoch 4/15 | batch 8200/13705 | loss 0.3829 | avg 0.3725
  epoch 4/15 | batch 8300/13705 | loss 0.3821 | avg 0.3725
  epoch 4/15 | batch 8400/13705 | loss 0.3808 | avg 0.3725
  epoch 4/15 | batch 8500/13705 | loss 0.3672 | avg 0.3725
  epoch 4/15 | batch 8600/13705 | loss 0.3721 | avg 0.3725
  epoch 4/15 | batch 8700/13705 | loss 0.3855 | avg 0.3724
  epoch 4/15 | batch 8800/13705 | loss 0.3644 | avg 0.3724
  epoch 4/15 | batch 8900/13705 | loss 0.3760 | avg 0.3724
  epoch 4/15 | batch 9000/13705 | loss 0.3733 | avg 0.3724
  epoch 4/15 | batch 9100/13705 | loss 0.3781 | avg 0.3724
  epoch 4/15 | batch 9200/13705 | loss 0.3756 | avg 0.3724
  epoch 4/15 | batch 9300/13705 | loss 0.3617 | avg 0.3723
  epoch 4/15 | batch 9400/13705 | loss 0.3676 | avg 0.3723
  epoch 4/15 | batch 9500/13705 | loss 0.3648 | avg 0.3723
  epoch 4/15 | batch 9600/13705 | loss 0.3595 | avg 0.3723
  epoch 4/15 | batch 9700/13705 | loss 0.3697 | avg 0.3723
  epoch 4/15 | batch 9800/13705 | loss 0.3658 | avg 0.3723
  epoch 4/15 | batch 9900/13705 | loss 0.3805 | avg 0.3723
  epoch 4/15 | batch 10000/13705 | loss 0.3632 | avg 0.3722
  epoch 4/15 | batch 10100/13705 | loss 0.3654 | avg 0.3722
  epoch 4/15 | batch 10200/13705 | loss 0.3563 | avg 0.3722
  epoch 4/15 | batch 10300/13705 | loss 0.3551 | avg 0.3722
  epoch 4/15 | batch 10400/13705 | loss 0.3601 | avg 0.3722
  epoch 4/15 | batch 10500/13705 | loss 0.3687 | avg 0.3722
  epoch 4/15 | batch 10600/13705 | loss 0.3670 | avg 0.3722
  epoch 4/15 | batch 10700/13705 | loss 0.3661 | avg 0.3722
  epoch 4/15 | batch 10800/13705 | loss 0.3701 | avg 0.3721
  epoch 4/15 | batch 10900/13705 | loss 0.3690 | avg 0.3721
  epoch 4/15 | batch 11000/13705 | loss 0.3629 | avg 0.3721
  epoch 4/15 | batch 11100/13705 | loss 0.3752 | avg 0.3721
  epoch 4/15 | batch 11200/13705 | loss 0.3751 | avg 0.3720
  epoch 4/15 | batch 11300/13705 | loss 0.3567 | avg 0.3720
  epoch 4/15 | batch 11400/13705 | loss 0.3653 | avg 0.3720
  epoch 4/15 | batch 11500/13705 | loss 0.3769 | avg 0.3720
  epoch 4/15 | batch 11600/13705 | loss 0.3795 | avg 0.3720
  epoch 4/15 | batch 11700/13705 | loss 0.3702 | avg 0.3720
  epoch 4/15 | batch 11800/13705 | loss 0.3730 | avg 0.3720
  epoch 4/15 | batch 11900/13705 | loss 0.3706 | avg 0.3720
  epoch 4/15 | batch 12000/13705 | loss 0.3825 | avg 0.3720
  epoch 4/15 | batch 12100/13705 | loss 0.3821 | avg 0.3719
  epoch 4/15 | batch 12200/13705 | loss 0.3639 | avg 0.3719
  epoch 4/15 | batch 12300/13705 | loss 0.3636 | avg 0.3719
  epoch 4/15 | batch 12400/13705 | loss 0.3547 | avg 0.3719
  epoch 4/15 | batch 12500/13705 | loss 0.3718 | avg 0.3719
  epoch 4/15 | batch 12600/13705 | loss 0.3597 | avg 0.3719
  epoch 4/15 | batch 12700/13705 | loss 0.3663 | avg 0.3719
  epoch 4/15 | batch 12800/13705 | loss 0.3849 | avg 0.3718
  epoch 4/15 | batch 12900/13705 | loss 0.3884 | avg 0.3718
  epoch 4/15 | batch 13000/13705 | loss 0.3803 | avg 0.3718
  epoch 4/15 | batch 13100/13705 | loss 0.3755 | avg 0.3718
  epoch 4/15 | batch 13200/13705 | loss 0.3516 | avg 0.3718
  epoch 4/15 | batch 13300/13705 | loss 0.3627 | avg 0.3718
  epoch 4/15 | batch 13400/13705 | loss 0.3733 | avg 0.3717
  epoch 4/15 | batch 13500/13705 | loss 0.3631 | avg 0.3717
  epoch 4/15 | batch 13600/13705 | loss 0.3702 | avg 0.3717
  epoch 4/15 | batch 13700/13705 | loss 0.3728 | avg 0.3717
Epoch 4/15 | average loss 0.3717
  epoch 5/15 | batch 100/13705 | loss 0.3593 | avg 0.3666
  epoch 5/15 | batch 200/13705 | loss 0.3974 | avg 0.3662
  epoch 5/15 | batch 300/13705 | loss 0.3677 | avg 0.3661
  epoch 5/15 | batch 400/13705 | loss 0.3743 | avg 0.3660
  epoch 5/15 | batch 500/13705 | loss 0.3614 | avg 0.3662
  epoch 5/15 | batch 600/13705 | loss 0.3941 | avg 0.3662
  epoch 5/15 | batch 700/13705 | loss 0.3845 | avg 0.3665
  epoch 5/15 | batch 800/13705 | loss 0.3648 | avg 0.3665
  epoch 5/15 | batch 900/13705 | loss 0.3846 | avg 0.3666
  epoch 5/15 | batch 1000/13705 | loss 0.3789 | avg 0.3666
  epoch 5/15 | batch 1100/13705 | loss 0.3584 | avg 0.3667
  epoch 5/15 | batch 1200/13705 | loss 0.3664 | avg 0.3667
  epoch 5/15 | batch 1300/13705 | loss 0.3648 | avg 0.3668
  epoch 5/15 | batch 1400/13705 | loss 0.3589 | avg 0.3668
  epoch 5/15 | batch 1500/13705 | loss 0.3784 | avg 0.3668
  epoch 5/15 | batch 1600/13705 | loss 0.3595 | avg 0.3669
  epoch 5/15 | batch 1700/13705 | loss 0.3595 | avg 0.3668
  epoch 5/15 | batch 1800/13705 | loss 0.3600 | avg 0.3667
  epoch 5/15 | batch 1900/13705 | loss 0.3633 | avg 0.3668
  epoch 5/15 | batch 2000/13705 | loss 0.3834 | avg 0.3667
  epoch 5/15 | batch 2100/13705 | loss 0.3683 | avg 0.3667
  epoch 5/15 | batch 2200/13705 | loss 0.3932 | avg 0.3668
  epoch 5/15 | batch 2300/13705 | loss 0.3729 | avg 0.3669
  epoch 5/15 | batch 2400/13705 | loss 0.3630 | avg 0.3668
  epoch 5/15 | batch 2500/13705 | loss 0.3647 | avg 0.3669
  epoch 5/15 | batch 2600/13705 | loss 0.3621 | avg 0.3668
  epoch 5/15 | batch 2700/13705 | loss 0.3660 | avg 0.3667
  epoch 5/15 | batch 2800/13705 | loss 0.3773 | avg 0.3668
  epoch 5/15 | batch 2900/13705 | loss 0.3540 | avg 0.3668
  epoch 5/15 | batch 3000/13705 | loss 0.3574 | avg 0.3668
  epoch 5/15 | batch 3100/13705 | loss 0.3694 | avg 0.3669
  epoch 5/15 | batch 3200/13705 | loss 0.3722 | avg 0.3670
  epoch 5/15 | batch 3300/13705 | loss 0.3675 | avg 0.3670
  epoch 5/15 | batch 3400/13705 | loss 0.3580 | avg 0.3670
  epoch 5/15 | batch 3500/13705 | loss 0.3725 | avg 0.3670
  epoch 5/15 | batch 3600/13705 | loss 0.3707 | avg 0.3669
  epoch 5/15 | batch 3700/13705 | loss 0.3577 | avg 0.3670
  epoch 5/15 | batch 3800/13705 | loss 0.3805 | avg 0.3670
  epoch 5/15 | batch 3900/13705 | loss 0.3720 | avg 0.3670
  epoch 5/15 | batch 4000/13705 | loss 0.3689 | avg 0.3670
  epoch 5/15 | batch 4100/13705 | loss 0.3658 | avg 0.3670
  epoch 5/15 | batch 4200/13705 | loss 0.3483 | avg 0.3670
  epoch 5/15 | batch 4300/13705 | loss 0.3741 | avg 0.3670
  epoch 5/15 | batch 4400/13705 | loss 0.3627 | avg 0.3670
  epoch 5/15 | batch 4500/13705 | loss 0.3672 | avg 0.3670
  epoch 5/15 | batch 4600/13705 | loss 0.3803 | avg 0.3670
  epoch 5/15 | batch 4700/13705 | loss 0.3713 | avg 0.3671
  epoch 5/15 | batch 4800/13705 | loss 0.3607 | avg 0.3671
  epoch 5/15 | batch 4900/13705 | loss 0.3717 | avg 0.3671
  epoch 5/15 | batch 5000/13705 | loss 0.3544 | avg 0.3671
  epoch 5/15 | batch 5100/13705 | loss 0.3621 | avg 0.3671
  epoch 5/15 | batch 5200/13705 | loss 0.3724 | avg 0.3671
  epoch 5/15 | batch 5300/13705 | loss 0.3804 | avg 0.3671
  epoch 5/15 | batch 5400/13705 | loss 0.3657 | avg 0.3671
  epoch 5/15 | batch 5500/13705 | loss 0.3665 | avg 0.3672
  epoch 5/15 | batch 5600/13705 | loss 0.3693 | avg 0.3672
  epoch 5/15 | batch 5700/13705 | loss 0.3578 | avg 0.3672
  epoch 5/15 | batch 5800/13705 | loss 0.3599 | avg 0.3672
  epoch 5/15 | batch 5900/13705 | loss 0.3695 | avg 0.3671
  epoch 5/15 | batch 6000/13705 | loss 0.3654 | avg 0.3671
  epoch 5/15 | batch 6100/13705 | loss 0.3555 | avg 0.3671
  epoch 5/15 | batch 6200/13705 | loss 0.3651 | avg 0.3671
  epoch 5/15 | batch 6300/13705 | loss 0.3582 | avg 0.3671
  epoch 5/15 | batch 6400/13705 | loss 0.3760 | avg 0.3671
  epoch 5/15 | batch 6500/13705 | loss 0.3670 | avg 0.3671
  epoch 5/15 | batch 6600/13705 | loss 0.3725 | avg 0.3671
  epoch 5/15 | batch 6700/13705 | loss 0.3799 | avg 0.3671
  epoch 5/15 | batch 6800/13705 | loss 0.3808 | avg 0.3671
  epoch 5/15 | batch 6900/13705 | loss 0.3588 | avg 0.3671
  epoch 5/15 | batch 7000/13705 | loss 0.3621 | avg 0.3671
  epoch 5/15 | batch 7100/13705 | loss 0.3511 | avg 0.3671
  epoch 5/15 | batch 7200/13705 | loss 0.3802 | avg 0.3671
  epoch 5/15 | batch 7300/13705 | loss 0.3830 | avg 0.3671
  epoch 5/15 | batch 7400/13705 | loss 0.3695 | avg 0.3671
  epoch 5/15 | batch 7500/13705 | loss 0.3813 | avg 0.3671
  epoch 5/15 | batch 7600/13705 | loss 0.3657 | avg 0.3671
  epoch 5/15 | batch 7700/13705 | loss 0.3533 | avg 0.3671
  epoch 5/15 | batch 7800/13705 | loss 0.3736 | avg 0.3671
  epoch 5/15 | batch 7900/13705 | loss 0.3676 | avg 0.3671
  epoch 5/15 | batch 8000/13705 | loss 0.3717 | avg 0.3670
  epoch 5/15 | batch 8100/13705 | loss 0.3709 | avg 0.3670
  epoch 5/15 | batch 8200/13705 | loss 0.3650 | avg 0.3670
  epoch 5/15 | batch 8300/13705 | loss 0.3766 | avg 0.3670
  epoch 5/15 | batch 8400/13705 | loss 0.3694 | avg 0.3670
  epoch 5/15 | batch 8500/13705 | loss 0.3614 | avg 0.3670
  epoch 5/15 | batch 8600/13705 | loss 0.3619 | avg 0.3670
  epoch 5/15 | batch 8700/13705 | loss 0.3614 | avg 0.3670
  epoch 5/15 | batch 8800/13705 | loss 0.3689 | avg 0.3670
  epoch 5/15 | batch 8900/13705 | loss 0.3609 | avg 0.3670
  epoch 5/15 | batch 9000/13705 | loss 0.3616 | avg 0.3670
  epoch 5/15 | batch 9100/13705 | loss 0.3590 | avg 0.3670
  epoch 5/15 | batch 9200/13705 | loss 0.3760 | avg 0.3670
  epoch 5/15 | batch 9300/13705 | loss 0.3742 | avg 0.3670
  epoch 5/15 | batch 9400/13705 | loss 0.3583 | avg 0.3670
  epoch 5/15 | batch 9500/13705 | loss 0.3777 | avg 0.3670
  epoch 5/15 | batch 9600/13705 | loss 0.3528 | avg 0.3670
  epoch 5/15 | batch 9700/13705 | loss 0.3808 | avg 0.3670
  epoch 5/15 | batch 9800/13705 | loss 0.3644 | avg 0.3670
  epoch 5/15 | batch 9900/13705 | loss 0.3518 | avg 0.3670
  epoch 5/15 | batch 10000/13705 | loss 0.3619 | avg 0.3669
  epoch 5/15 | batch 10100/13705 | loss 0.3691 | avg 0.3669
  epoch 5/15 | batch 10200/13705 | loss 0.3475 | avg 0.3669
  epoch 5/15 | batch 10300/13705 | loss 0.3802 | avg 0.3669
  epoch 5/15 | batch 10400/13705 | loss 0.3710 | avg 0.3669
  epoch 5/15 | batch 10500/13705 | loss 0.3685 | avg 0.3669
  epoch 5/15 | batch 10600/13705 | loss 0.3763 | avg 0.3669
  epoch 5/15 | batch 10700/13705 | loss 0.3738 | avg 0.3669
  epoch 5/15 | batch 10800/13705 | loss 0.3799 | avg 0.3669
  epoch 5/15 | batch 10900/13705 | loss 0.3621 | avg 0.3669
  epoch 5/15 | batch 11000/13705 | loss 0.3642 | avg 0.3669
  epoch 5/15 | batch 11100/13705 | loss 0.3759 | avg 0.3669
  epoch 5/15 | batch 11200/13705 | loss 0.3723 | avg 0.3669
  epoch 5/15 | batch 11300/13705 | loss 0.3621 | avg 0.3669
  epoch 5/15 | batch 11400/13705 | loss 0.3715 | avg 0.3669
  epoch 5/15 | batch 11500/13705 | loss 0.3767 | avg 0.3669
  epoch 5/15 | batch 11600/13705 | loss 0.3562 | avg 0.3668
  epoch 5/15 | batch 11700/13705 | loss 0.3584 | avg 0.3668
  epoch 5/15 | batch 11800/13705 | loss 0.3527 | avg 0.3668
  epoch 5/15 | batch 11900/13705 | loss 0.3704 | avg 0.3668
  epoch 5/15 | batch 12000/13705 | loss 0.3706 | avg 0.3668
  epoch 5/15 | batch 12100/13705 | loss 0.3647 | avg 0.3668
  epoch 5/15 | batch 12200/13705 | loss 0.3762 | avg 0.3668
  epoch 5/15 | batch 12300/13705 | loss 0.3733 | avg 0.3668
  epoch 5/15 | batch 12400/13705 | loss 0.3687 | avg 0.3668
  epoch 5/15 | batch 12500/13705 | loss 0.3703 | avg 0.3668
  epoch 5/15 | batch 12600/13705 | loss 0.3609 | avg 0.3668
  epoch 5/15 | batch 12700/13705 | loss 0.3589 | avg 0.3668
  epoch 5/15 | batch 12800/13705 | loss 0.3824 | avg 0.3668
  epoch 5/15 | batch 12900/13705 | loss 0.3570 | avg 0.3668
  epoch 5/15 | batch 13000/13705 | loss 0.3794 | avg 0.3668
  epoch 5/15 | batch 13100/13705 | loss 0.3690 | avg 0.3668
  epoch 5/15 | batch 13200/13705 | loss 0.3591 | avg 0.3668
  epoch 5/15 | batch 13300/13705 | loss 0.3639 | avg 0.3668
  epoch 5/15 | batch 13400/13705 | loss 0.3649 | avg 0.3667
  epoch 5/15 | batch 13500/13705 | loss 0.3725 | avg 0.3667
  epoch 5/15 | batch 13600/13705 | loss 0.3484 | avg 0.3667
  epoch 5/15 | batch 13700/13705 | loss 0.3779 | avg 0.3667
Epoch 5/15 | average loss 0.3667
  epoch 6/15 | batch 100/13705 | loss 0.3650 | avg 0.3616
  epoch 6/15 | batch 200/13705 | loss 0.3643 | avg 0.3616
  epoch 6/15 | batch 300/13705 | loss 0.3506 | avg 0.3619
  epoch 6/15 | batch 400/13705 | loss 0.3646 | avg 0.3617
  epoch 6/15 | batch 500/13705 | loss 0.3425 | avg 0.3620
  epoch 6/15 | batch 600/13705 | loss 0.3627 | avg 0.3620
  epoch 6/15 | batch 700/13705 | loss 0.3746 | avg 0.3620
  epoch 6/15 | batch 800/13705 | loss 0.3537 | avg 0.3622
  epoch 6/15 | batch 900/13705 | loss 0.3587 | avg 0.3623
  epoch 6/15 | batch 1000/13705 | loss 0.3618 | avg 0.3623
  epoch 6/15 | batch 1100/13705 | loss 0.3657 | avg 0.3625
  epoch 6/15 | batch 1200/13705 | loss 0.3597 | avg 0.3625
  epoch 6/15 | batch 1300/13705 | loss 0.3572 | avg 0.3625
  epoch 6/15 | batch 1400/13705 | loss 0.3606 | avg 0.3624
  epoch 6/15 | batch 1500/13705 | loss 0.3850 | avg 0.3625
  epoch 6/15 | batch 1600/13705 | loss 0.3675 | avg 0.3627
  epoch 6/15 | batch 1700/13705 | loss 0.3613 | avg 0.3627
  epoch 6/15 | batch 1800/13705 | loss 0.3655 | avg 0.3628
  epoch 6/15 | batch 1900/13705 | loss 0.3614 | avg 0.3628
  epoch 6/15 | batch 2000/13705 | loss 0.3503 | avg 0.3628
  epoch 6/15 | batch 2100/13705 | loss 0.3651 | avg 0.3629
  epoch 6/15 | batch 2200/13705 | loss 0.3687 | avg 0.3630
  epoch 6/15 | batch 2300/13705 | loss 0.3651 | avg 0.3630
  epoch 6/15 | batch 2400/13705 | loss 0.3452 | avg 0.3630
  epoch 6/15 | batch 2500/13705 | loss 0.3740 | avg 0.3631
  epoch 6/15 | batch 2600/13705 | loss 0.3691 | avg 0.3630
  epoch 6/15 | batch 2700/13705 | loss 0.3668 | avg 0.3631
  epoch 6/15 | batch 2800/13705 | loss 0.3529 | avg 0.3631
  epoch 6/15 | batch 2900/13705 | loss 0.3656 | avg 0.3631
  epoch 6/15 | batch 3000/13705 | loss 0.3466 | avg 0.3632
  epoch 6/15 | batch 3100/13705 | loss 0.3630 | avg 0.3631
  epoch 6/15 | batch 3200/13705 | loss 0.3427 | avg 0.3631
  epoch 6/15 | batch 3300/13705 | loss 0.3779 | avg 0.3631
  epoch 6/15 | batch 3400/13705 | loss 0.3629 | avg 0.3631
  epoch 6/15 | batch 3500/13705 | loss 0.3667 | avg 0.3631
  epoch 6/15 | batch 3600/13705 | loss 0.3580 | avg 0.3631
  epoch 6/15 | batch 3700/13705 | loss 0.3735 | avg 0.3631
  epoch 6/15 | batch 3800/13705 | loss 0.3615 | avg 0.3630
  epoch 6/15 | batch 3900/13705 | loss 0.3573 | avg 0.3630
  epoch 6/15 | batch 4000/13705 | loss 0.3825 | avg 0.3630
  epoch 6/15 | batch 4100/13705 | loss 0.3720 | avg 0.3630
  epoch 6/15 | batch 4200/13705 | loss 0.3608 | avg 0.3630
  epoch 6/15 | batch 4300/13705 | loss 0.3661 | avg 0.3631
  epoch 6/15 | batch 4400/13705 | loss 0.3522 | avg 0.3631
  epoch 6/15 | batch 4500/13705 | loss 0.3573 | avg 0.3631
  epoch 6/15 | batch 4600/13705 | loss 0.3481 | avg 0.3631
  epoch 6/15 | batch 4700/13705 | loss 0.3646 | avg 0.3631
  epoch 6/15 | batch 4800/13705 | loss 0.3659 | avg 0.3631
  epoch 6/15 | batch 4900/13705 | loss 0.3705 | avg 0.3631
  epoch 6/15 | batch 5000/13705 | loss 0.3628 | avg 0.3631
  epoch 6/15 | batch 5100/13705 | loss 0.3747 | avg 0.3632
  epoch 6/15 | batch 5200/13705 | loss 0.3619 | avg 0.3632
  epoch 6/15 | batch 5300/13705 | loss 0.3654 | avg 0.3632
  epoch 6/15 | batch 5400/13705 | loss 0.3565 | avg 0.3632
  epoch 6/15 | batch 5500/13705 | loss 0.3644 | avg 0.3632
  epoch 6/15 | batch 5600/13705 | loss 0.3684 | avg 0.3632
  epoch 6/15 | batch 5700/13705 | loss 0.3569 | avg 0.3632
  epoch 6/15 | batch 5800/13705 | loss 0.3664 | avg 0.3632
  epoch 6/15 | batch 5900/13705 | loss 0.3727 | avg 0.3632
  epoch 6/15 | batch 6000/13705 | loss 0.3771 | avg 0.3632
  epoch 6/15 | batch 6100/13705 | loss 0.3433 | avg 0.3632
  epoch 6/15 | batch 6200/13705 | loss 0.3600 | avg 0.3633
  epoch 6/15 | batch 6300/13705 | loss 0.3549 | avg 0.3632
  epoch 6/15 | batch 6400/13705 | loss 0.3562 | avg 0.3632
  epoch 6/15 | batch 6500/13705 | loss 0.3741 | avg 0.3633
  epoch 6/15 | batch 6600/13705 | loss 0.3616 | avg 0.3632
  epoch 6/15 | batch 6700/13705 | loss 0.3788 | avg 0.3632
  epoch 6/15 | batch 6800/13705 | loss 0.3566 | avg 0.3632
  epoch 6/15 | batch 6900/13705 | loss 0.3665 | avg 0.3632
  epoch 6/15 | batch 7000/13705 | loss 0.3541 | avg 0.3632
  epoch 6/15 | batch 7100/13705 | loss 0.3516 | avg 0.3632
  epoch 6/15 | batch 7200/13705 | loss 0.3627 | avg 0.3632
  epoch 6/15 | batch 7300/13705 | loss 0.3660 | avg 0.3633
  epoch 6/15 | batch 7400/13705 | loss 0.3672 | avg 0.3633
  epoch 6/15 | batch 7500/13705 | loss 0.3637 | avg 0.3633
  epoch 6/15 | batch 7600/13705 | loss 0.3745 | avg 0.3633
  epoch 6/15 | batch 7700/13705 | loss 0.3875 | avg 0.3633
  epoch 6/15 | batch 7800/13705 | loss 0.3773 | avg 0.3633
  epoch 6/15 | batch 7900/13705 | loss 0.3626 | avg 0.3633
  epoch 6/15 | batch 8000/13705 | loss 0.3598 | avg 0.3633
  epoch 6/15 | batch 8100/13705 | loss 0.3632 | avg 0.3632
  epoch 6/15 | batch 8200/13705 | loss 0.3775 | avg 0.3633
  epoch 6/15 | batch 8300/13705 | loss 0.3528 | avg 0.3633
  epoch 6/15 | batch 8400/13705 | loss 0.3633 | avg 0.3633
  epoch 6/15 | batch 8500/13705 | loss 0.3535 | avg 0.3633
  epoch 6/15 | batch 8600/13705 | loss 0.3427 | avg 0.3633
  epoch 6/15 | batch 8700/13705 | loss 0.3690 | avg 0.3633
  epoch 6/15 | batch 8800/13705 | loss 0.3749 | avg 0.3633
  epoch 6/15 | batch 8900/13705 | loss 0.3420 | avg 0.3633
  epoch 6/15 | batch 9000/13705 | loss 0.3628 | avg 0.3633
  epoch 6/15 | batch 9100/13705 | loss 0.3669 | avg 0.3633
  epoch 6/15 | batch 9200/13705 | loss 0.3486 | avg 0.3633
  epoch 6/15 | batch 9300/13705 | loss 0.3501 | avg 0.3633
  epoch 6/15 | batch 9400/13705 | loss 0.3671 | avg 0.3633
  epoch 6/15 | batch 9500/13705 | loss 0.3607 | avg 0.3633
  epoch 6/15 | batch 9600/13705 | loss 0.3756 | avg 0.3633
  epoch 6/15 | batch 9700/13705 | loss 0.3683 | avg 0.3633
  epoch 6/15 | batch 9800/13705 | loss 0.3571 | avg 0.3633
  epoch 6/15 | batch 9900/13705 | loss 0.3475 | avg 0.3633
  epoch 6/15 | batch 10000/13705 | loss 0.3614 | avg 0.3633
  epoch 6/15 | batch 10100/13705 | loss 0.3631 | avg 0.3633
  epoch 6/15 | batch 10200/13705 | loss 0.3676 | avg 0.3633
  epoch 6/15 | batch 10300/13705 | loss 0.3694 | avg 0.3633
  epoch 6/15 | batch 10400/13705 | loss 0.3683 | avg 0.3633
  epoch 6/15 | batch 10500/13705 | loss 0.3617 | avg 0.3633
  epoch 6/15 | batch 10600/13705 | loss 0.3522 | avg 0.3633
  epoch 6/15 | batch 10700/13705 | loss 0.3521 | avg 0.3633
  epoch 6/15 | batch 10800/13705 | loss 0.3584 | avg 0.3633
  epoch 6/15 | batch 10900/13705 | loss 0.3704 | avg 0.3633
  epoch 6/15 | batch 11000/13705 | loss 0.3789 | avg 0.3633
  epoch 6/15 | batch 11100/13705 | loss 0.3602 | avg 0.3633
  epoch 6/15 | batch 11200/13705 | loss 0.3599 | avg 0.3633
  epoch 6/15 | batch 11300/13705 | loss 0.3588 | avg 0.3633
  epoch 6/15 | batch 11400/13705 | loss 0.3468 | avg 0.3633
  epoch 6/15 | batch 11500/13705 | loss 0.3610 | avg 0.3633
  epoch 6/15 | batch 11600/13705 | loss 0.3591 | avg 0.3633
  epoch 6/15 | batch 11700/13705 | loss 0.3415 | avg 0.3633
  epoch 6/15 | batch 11800/13705 | loss 0.3505 | avg 0.3633
  epoch 6/15 | batch 11900/13705 | loss 0.3515 | avg 0.3633
  epoch 6/15 | batch 12000/13705 | loss 0.3742 | avg 0.3633
  epoch 6/15 | batch 12100/13705 | loss 0.3582 | avg 0.3633
  epoch 6/15 | batch 12200/13705 | loss 0.3489 | avg 0.3633
  epoch 6/15 | batch 12300/13705 | loss 0.3723 | avg 0.3633
  epoch 6/15 | batch 12400/13705 | loss 0.3504 | avg 0.3633
  epoch 6/15 | batch 12500/13705 | loss 0.3560 | avg 0.3633
  epoch 6/15 | batch 12600/13705 | loss 0.3764 | avg 0.3633
  epoch 6/15 | batch 12700/13705 | loss 0.3601 | avg 0.3633
  epoch 6/15 | batch 12800/13705 | loss 0.3531 | avg 0.3633
  epoch 6/15 | batch 12900/13705 | loss 0.3525 | avg 0.3633
  epoch 6/15 | batch 13000/13705 | loss 0.3693 | avg 0.3633
  epoch 6/15 | batch 13100/13705 | loss 0.3499 | avg 0.3633
  epoch 6/15 | batch 13200/13705 | loss 0.3712 | avg 0.3633
  epoch 6/15 | batch 13300/13705 | loss 0.3667 | avg 0.3633
  epoch 6/15 | batch 13400/13705 | loss 0.3766 | avg 0.3633
  epoch 6/15 | batch 13500/13705 | loss 0.3733 | avg 0.3633
  epoch 6/15 | batch 13600/13705 | loss 0.3664 | avg 0.3633
  epoch 6/15 | batch 13700/13705 | loss 0.3615 | avg 0.3633
Epoch 6/15 | average loss 0.3633
  epoch 7/15 | batch 100/13705 | loss 0.3734 | avg 0.3601
  epoch 7/15 | batch 200/13705 | loss 0.3624 | avg 0.3597
  epoch 7/15 | batch 300/13705 | loss 0.3590 | avg 0.3598
  epoch 7/15 | batch 400/13705 | loss 0.3597 | avg 0.3598
  epoch 7/15 | batch 500/13705 | loss 0.3698 | avg 0.3599
  epoch 7/15 | batch 600/13705 | loss 0.3731 | avg 0.3600
  epoch 7/15 | batch 700/13705 | loss 0.3466 | avg 0.3599
  epoch 7/15 | batch 800/13705 | loss 0.3546 | avg 0.3600
  epoch 7/15 | batch 900/13705 | loss 0.3686 | avg 0.3601
  epoch 7/15 | batch 1000/13705 | loss 0.3812 | avg 0.3601
  epoch 7/15 | batch 1100/13705 | loss 0.3653 | avg 0.3600
  epoch 7/15 | batch 1200/13705 | loss 0.3694 | avg 0.3601
  epoch 7/15 | batch 1300/13705 | loss 0.3511 | avg 0.3602
  epoch 7/15 | batch 1400/13705 | loss 0.3486 | avg 0.3603
  epoch 7/15 | batch 1500/13705 | loss 0.3491 | avg 0.3603
  epoch 7/15 | batch 1600/13705 | loss 0.3549 | avg 0.3603
  epoch 7/15 | batch 1700/13705 | loss 0.3623 | avg 0.3604
  epoch 7/15 | batch 1800/13705 | loss 0.3610 | avg 0.3603
  epoch 7/15 | batch 1900/13705 | loss 0.3585 | avg 0.3604
  epoch 7/15 | batch 2000/13705 | loss 0.3497 | avg 0.3604
  epoch 7/15 | batch 2100/13705 | loss 0.3606 | avg 0.3604
  epoch 7/15 | batch 2200/13705 | loss 0.3761 | avg 0.3604
  epoch 7/15 | batch 2300/13705 | loss 0.3536 | avg 0.3604
  epoch 7/15 | batch 2400/13705 | loss 0.3620 | avg 0.3605
  epoch 7/15 | batch 2500/13705 | loss 0.3722 | avg 0.3605
  epoch 7/15 | batch 2600/13705 | loss 0.3500 | avg 0.3605
  epoch 7/15 | batch 2700/13705 | loss 0.3442 | avg 0.3606
  epoch 7/15 | batch 2800/13705 | loss 0.3669 | avg 0.3606
  epoch 7/15 | batch 2900/13705 | loss 0.3461 | avg 0.3606
  epoch 7/15 | batch 3000/13705 | loss 0.3508 | avg 0.3607
  epoch 7/15 | batch 3100/13705 | loss 0.3632 | avg 0.3607
  epoch 7/15 | batch 3200/13705 | loss 0.3549 | avg 0.3607
  epoch 7/15 | batch 3300/13705 | loss 0.3720 | avg 0.3608
  epoch 7/15 | batch 3400/13705 | loss 0.3527 | avg 0.3608
  epoch 7/15 | batch 3500/13705 | loss 0.3675 | avg 0.3608
  epoch 7/15 | batch 3600/13705 | loss 0.3602 | avg 0.3608
  epoch 7/15 | batch 3700/13705 | loss 0.3463 | avg 0.3608
  epoch 7/15 | batch 3800/13705 | loss 0.3576 | avg 0.3608
  epoch 7/15 | batch 3900/13705 | loss 0.3617 | avg 0.3608
  epoch 7/15 | batch 4000/13705 | loss 0.3689 | avg 0.3608
  epoch 7/15 | batch 4100/13705 | loss 0.3509 | avg 0.3608
  epoch 7/15 | batch 4200/13705 | loss 0.3491 | avg 0.3608
  epoch 7/15 | batch 4300/13705 | loss 0.3601 | avg 0.3608
  epoch 7/15 | batch 4400/13705 | loss 0.3413 | avg 0.3608
  epoch 7/15 | batch 4500/13705 | loss 0.3408 | avg 0.3608
  epoch 7/15 | batch 4600/13705 | loss 0.3642 | avg 0.3608
  epoch 7/15 | batch 4700/13705 | loss 0.3602 | avg 0.3609
  epoch 7/15 | batch 4800/13705 | loss 0.3772 | avg 0.3608
  epoch 7/15 | batch 4900/13705 | loss 0.3628 | avg 0.3608
  epoch 7/15 | batch 5000/13705 | loss 0.3524 | avg 0.3608
  epoch 7/15 | batch 5100/13705 | loss 0.3616 | avg 0.3608
  epoch 7/15 | batch 5200/13705 | loss 0.3689 | avg 0.3608
  epoch 7/15 | batch 5300/13705 | loss 0.3683 | avg 0.3608
  epoch 7/15 | batch 5400/13705 | loss 0.3527 | avg 0.3608
  epoch 7/15 | batch 5500/13705 | loss 0.3583 | avg 0.3608
  epoch 7/15 | batch 5600/13705 | loss 0.3615 | avg 0.3608
  epoch 7/15 | batch 5700/13705 | loss 0.3861 | avg 0.3608
  epoch 7/15 | batch 5800/13705 | loss 0.3770 | avg 0.3609
  epoch 7/15 | batch 5900/13705 | loss 0.3660 | avg 0.3609
  epoch 7/15 | batch 6000/13705 | loss 0.3539 | avg 0.3609
  epoch 7/15 | batch 6100/13705 | loss 0.3572 | avg 0.3608
  epoch 7/15 | batch 6200/13705 | loss 0.3634 | avg 0.3608
  epoch 7/15 | batch 6300/13705 | loss 0.3514 | avg 0.3608
  epoch 7/15 | batch 6400/13705 | loss 0.3537 | avg 0.3608
  epoch 7/15 | batch 6500/13705 | loss 0.3541 | avg 0.3608
  epoch 7/15 | batch 6600/13705 | loss 0.3609 | avg 0.3608
  epoch 7/15 | batch 6700/13705 | loss 0.3616 | avg 0.3608
  epoch 7/15 | batch 6800/13705 | loss 0.3606 | avg 0.3608
  epoch 7/15 | batch 6900/13705 | loss 0.3479 | avg 0.3608
  epoch 7/15 | batch 7000/13705 | loss 0.3706 | avg 0.3608
  epoch 7/15 | batch 7100/13705 | loss 0.3831 | avg 0.3609
  epoch 7/15 | batch 7200/13705 | loss 0.3714 | avg 0.3609
  epoch 7/15 | batch 7300/13705 | loss 0.3593 | avg 0.3609
  epoch 7/15 | batch 7400/13705 | loss 0.3501 | avg 0.3609
  epoch 7/15 | batch 7500/13705 | loss 0.3614 | avg 0.3609
  epoch 7/15 | batch 7600/13705 | loss 0.3590 | avg 0.3609
  epoch 7/15 | batch 7700/13705 | loss 0.3507 | avg 0.3609
  epoch 7/15 | batch 7800/13705 | loss 0.3606 | avg 0.3609
  epoch 7/15 | batch 7900/13705 | loss 0.3642 | avg 0.3609
  epoch 7/15 | batch 8000/13705 | loss 0.3505 | avg 0.3609
  epoch 7/15 | batch 8100/13705 | loss 0.3763 | avg 0.3609
  epoch 7/15 | batch 8200/13705 | loss 0.3835 | avg 0.3609
  epoch 7/15 | batch 8300/13705 | loss 0.3533 | avg 0.3609
  epoch 7/15 | batch 8400/13705 | loss 0.3492 | avg 0.3609
  epoch 7/15 | batch 8500/13705 | loss 0.3736 | avg 0.3609
  epoch 7/15 | batch 8600/13705 | loss 0.3526 | avg 0.3609
  epoch 7/15 | batch 8700/13705 | loss 0.3670 | avg 0.3609
  epoch 7/15 | batch 8800/13705 | loss 0.3614 | avg 0.3609
  epoch 7/15 | batch 8900/13705 | loss 0.3660 | avg 0.3609
  epoch 7/15 | batch 9000/13705 | loss 0.3573 | avg 0.3609
  epoch 7/15 | batch 9100/13705 | loss 0.3919 | avg 0.3609
  epoch 7/15 | batch 9200/13705 | loss 0.3563 | avg 0.3609
  epoch 7/15 | batch 9300/13705 | loss 0.3536 | avg 0.3610
  epoch 7/15 | batch 9400/13705 | loss 0.3737 | avg 0.3609
  epoch 7/15 | batch 9500/13705 | loss 0.3592 | avg 0.3610
  epoch 7/15 | batch 9600/13705 | loss 0.3493 | avg 0.3610
  epoch 7/15 | batch 9700/13705 | loss 0.3688 | avg 0.3610
  epoch 7/15 | batch 9800/13705 | loss 0.3652 | avg 0.3610
  epoch 7/15 | batch 9900/13705 | loss 0.3651 | avg 0.3610
  epoch 7/15 | batch 10000/13705 | loss 0.3683 | avg 0.3610
  epoch 7/15 | batch 10100/13705 | loss 0.3627 | avg 0.3609
  epoch 7/15 | batch 10200/13705 | loss 0.3534 | avg 0.3610
  epoch 7/15 | batch 10300/13705 | loss 0.3601 | avg 0.3610
  epoch 7/15 | batch 10400/13705 | loss 0.3600 | avg 0.3610
  epoch 7/15 | batch 10500/13705 | loss 0.3576 | avg 0.3610
  epoch 7/15 | batch 10600/13705 | loss 0.3692 | avg 0.3609
  epoch 7/15 | batch 10700/13705 | loss 0.3488 | avg 0.3609
  epoch 7/15 | batch 10800/13705 | loss 0.3516 | avg 0.3609
  epoch 7/15 | batch 10900/13705 | loss 0.3483 | avg 0.3609
  epoch 7/15 | batch 11000/13705 | loss 0.3798 | avg 0.3609
  epoch 7/15 | batch 11100/13705 | loss 0.3508 | avg 0.3609
  epoch 7/15 | batch 11200/13705 | loss 0.3614 | avg 0.3609
  epoch 7/15 | batch 11300/13705 | loss 0.3676 | avg 0.3609
  epoch 7/15 | batch 11400/13705 | loss 0.3578 | avg 0.3609
  epoch 7/15 | batch 11500/13705 | loss 0.3645 | avg 0.3609
  epoch 7/15 | batch 11600/13705 | loss 0.3766 | avg 0.3609
  epoch 7/15 | batch 11700/13705 | loss 0.3598 | avg 0.3609
  epoch 7/15 | batch 11800/13705 | loss 0.3673 | avg 0.3609
  epoch 7/15 | batch 11900/13705 | loss 0.3760 | avg 0.3609
  epoch 7/15 | batch 12000/13705 | loss 0.3649 | avg 0.3609
  epoch 7/15 | batch 12100/13705 | loss 0.3624 | avg 0.3609
  epoch 7/15 | batch 12200/13705 | loss 0.3633 | avg 0.3609
  epoch 7/15 | batch 12300/13705 | loss 0.3629 | avg 0.3609
  epoch 7/15 | batch 12400/13705 | loss 0.3613 | avg 0.3609
  epoch 7/15 | batch 12500/13705 | loss 0.3596 | avg 0.3609
  epoch 7/15 | batch 12600/13705 | loss 0.3495 | avg 0.3609
  epoch 7/15 | batch 12700/13705 | loss 0.3536 | avg 0.3609
  epoch 7/15 | batch 12800/13705 | loss 0.3628 | avg 0.3609
  epoch 7/15 | batch 12900/13705 | loss 0.3591 | avg 0.3609
  epoch 7/15 | batch 13000/13705 | loss 0.3617 | avg 0.3609
  epoch 7/15 | batch 13100/13705 | loss 0.3618 | avg 0.3609
  epoch 7/15 | batch 13200/13705 | loss 0.3466 | avg 0.3609
  epoch 7/15 | batch 13300/13705 | loss 0.3634 | avg 0.3609
  epoch 7/15 | batch 13400/13705 | loss 0.3497 | avg 0.3609
  epoch 7/15 | batch 13500/13705 | loss 0.3514 | avg 0.3609
  epoch 7/15 | batch 13600/13705 | loss 0.3499 | avg 0.3609
  epoch 7/15 | batch 13700/13705 | loss 0.3451 | avg 0.3609
Epoch 7/15 | average loss 0.3609
  epoch 8/15 | batch 100/13705 | loss 0.3552 | avg 0.3579
  epoch 8/15 | batch 200/13705 | loss 0.3800 | avg 0.3589
  epoch 8/15 | batch 300/13705 | loss 0.3523 | avg 0.3585
  epoch 8/15 | batch 400/13705 | loss 0.3560 | avg 0.3582
  epoch 8/15 | batch 500/13705 | loss 0.3411 | avg 0.3581
  epoch 8/15 | batch 600/13705 | loss 0.3723 | avg 0.3580
  epoch 8/15 | batch 700/13705 | loss 0.3602 | avg 0.3580
  epoch 8/15 | batch 800/13705 | loss 0.3475 | avg 0.3580
  epoch 8/15 | batch 900/13705 | loss 0.3611 | avg 0.3580
  epoch 8/15 | batch 1000/13705 | loss 0.3605 | avg 0.3580
  epoch 8/15 | batch 1100/13705 | loss 0.3592 | avg 0.3580
  epoch 8/15 | batch 1200/13705 | loss 0.3564 | avg 0.3578
  epoch 8/15 | batch 1300/13705 | loss 0.3591 | avg 0.3578
  epoch 8/15 | batch 1400/13705 | loss 0.3528 | avg 0.3579
  epoch 8/15 | batch 1500/13705 | loss 0.3569 | avg 0.3579
  epoch 8/15 | batch 1600/13705 | loss 0.3612 | avg 0.3579
  epoch 8/15 | batch 1700/13705 | loss 0.3626 | avg 0.3580
  epoch 8/15 | batch 1800/13705 | loss 0.3549 | avg 0.3580
  epoch 8/15 | batch 1900/13705 | loss 0.3763 | avg 0.3580
  epoch 8/15 | batch 2000/13705 | loss 0.3568 | avg 0.3580
  epoch 8/15 | batch 2100/13705 | loss 0.3739 | avg 0.3580
  epoch 8/15 | batch 2200/13705 | loss 0.3664 | avg 0.3580
  epoch 8/15 | batch 2300/13705 | loss 0.3689 | avg 0.3581
  epoch 8/15 | batch 2400/13705 | loss 0.3575 | avg 0.3581
  epoch 8/15 | batch 2500/13705 | loss 0.3658 | avg 0.3581
  epoch 8/15 | batch 2600/13705 | loss 0.3563 | avg 0.3581
  epoch 8/15 | batch 2700/13705 | loss 0.3539 | avg 0.3582
  epoch 8/15 | batch 2800/13705 | loss 0.3506 | avg 0.3581
  epoch 8/15 | batch 2900/13705 | loss 0.3495 | avg 0.3582
  epoch 8/15 | batch 3000/13705 | loss 0.3799 | avg 0.3582
  epoch 8/15 | batch 3100/13705 | loss 0.3760 | avg 0.3582
  epoch 8/15 | batch 3200/13705 | loss 0.3495 | avg 0.3583
  epoch 8/15 | batch 3300/13705 | loss 0.3492 | avg 0.3583
  epoch 8/15 | batch 3400/13705 | loss 0.3611 | avg 0.3583
  epoch 8/15 | batch 3500/13705 | loss 0.3589 | avg 0.3583
  epoch 8/15 | batch 3600/13705 | loss 0.3562 | avg 0.3583
  epoch 8/15 | batch 3700/13705 | loss 0.3668 | avg 0.3584
  epoch 8/15 | batch 3800/13705 | loss 0.3718 | avg 0.3584
  epoch 8/15 | batch 3900/13705 | loss 0.3584 | avg 0.3584
  epoch 8/15 | batch 4000/13705 | loss 0.3582 | avg 0.3584
  epoch 8/15 | batch 4100/13705 | loss 0.3597 | avg 0.3585
  epoch 8/15 | batch 4200/13705 | loss 0.3896 | avg 0.3584
  epoch 8/15 | batch 4300/13705 | loss 0.3686 | avg 0.3584
  epoch 8/15 | batch 4400/13705 | loss 0.3630 | avg 0.3584
  epoch 8/15 | batch 4500/13705 | loss 0.3542 | avg 0.3584
  epoch 8/15 | batch 4600/13705 | loss 0.3665 | avg 0.3585
  epoch 8/15 | batch 4700/13705 | loss 0.3478 | avg 0.3585
  epoch 8/15 | batch 4800/13705 | loss 0.3573 | avg 0.3585
  epoch 8/15 | batch 4900/13705 | loss 0.3539 | avg 0.3585
  epoch 8/15 | batch 5000/13705 | loss 0.3583 | avg 0.3585
  epoch 8/15 | batch 5100/13705 | loss 0.3613 | avg 0.3586
  epoch 8/15 | batch 5200/13705 | loss 0.3478 | avg 0.3586
  epoch 8/15 | batch 5300/13705 | loss 0.3573 | avg 0.3586
  epoch 8/15 | batch 5400/13705 | loss 0.3612 | avg 0.3586
  epoch 8/15 | batch 5500/13705 | loss 0.3555 | avg 0.3586
  epoch 8/15 | batch 5600/13705 | loss 0.3699 | avg 0.3586
  epoch 8/15 | batch 5700/13705 | loss 0.3544 | avg 0.3586
  epoch 8/15 | batch 5800/13705 | loss 0.3674 | avg 0.3587
  epoch 8/15 | batch 5900/13705 | loss 0.3617 | avg 0.3587
  epoch 8/15 | batch 6000/13705 | loss 0.3440 | avg 0.3587
  epoch 8/15 | batch 6100/13705 | loss 0.3719 | avg 0.3587
  epoch 8/15 | batch 6200/13705 | loss 0.3503 | avg 0.3587
  epoch 8/15 | batch 6300/13705 | loss 0.3617 | avg 0.3587
  epoch 8/15 | batch 6400/13705 | loss 0.3641 | avg 0.3587
  epoch 8/15 | batch 6500/13705 | loss 0.3538 | avg 0.3587
  epoch 8/15 | batch 6600/13705 | loss 0.3645 | avg 0.3588
  epoch 8/15 | batch 6700/13705 | loss 0.3632 | avg 0.3588
  epoch 8/15 | batch 6800/13705 | loss 0.3737 | avg 0.3588
  epoch 8/15 | batch 6900/13705 | loss 0.3649 | avg 0.3588
  epoch 8/15 | batch 7000/13705 | loss 0.3604 | avg 0.3588
  epoch 8/15 | batch 7100/13705 | loss 0.3632 | avg 0.3588
  epoch 8/15 | batch 7200/13705 | loss 0.3624 | avg 0.3588
  epoch 8/15 | batch 7300/13705 | loss 0.3593 | avg 0.3588
  epoch 8/15 | batch 7400/13705 | loss 0.3448 | avg 0.3588
  epoch 8/15 | batch 7500/13705 | loss 0.3590 | avg 0.3588
  epoch 8/15 | batch 7600/13705 | loss 0.3765 | avg 0.3588
  epoch 8/15 | batch 7700/13705 | loss 0.3806 | avg 0.3588
  epoch 8/15 | batch 7800/13705 | loss 0.3816 | avg 0.3588
  epoch 8/15 | batch 7900/13705 | loss 0.3460 | avg 0.3588
  epoch 8/15 | batch 8000/13705 | loss 0.3546 | avg 0.3589
  epoch 8/15 | batch 8100/13705 | loss 0.3673 | avg 0.3589
  epoch 8/15 | batch 8200/13705 | loss 0.3660 | avg 0.3589
  epoch 8/15 | batch 8300/13705 | loss 0.3465 | avg 0.3589
  epoch 8/15 | batch 8400/13705 | loss 0.3492 | avg 0.3589
  epoch 8/15 | batch 8500/13705 | loss 0.3538 | avg 0.3589
  epoch 8/15 | batch 8600/13705 | loss 0.3676 | avg 0.3590
  epoch 8/15 | batch 8700/13705 | loss 0.3441 | avg 0.3590
  epoch 8/15 | batch 8800/13705 | loss 0.3464 | avg 0.3590
  epoch 8/15 | batch 8900/13705 | loss 0.3489 | avg 0.3590
  epoch 8/15 | batch 9000/13705 | loss 0.3720 | avg 0.3590
  epoch 8/15 | batch 9100/13705 | loss 0.3665 | avg 0.3590
  epoch 8/15 | batch 9200/13705 | loss 0.3505 | avg 0.3590
  epoch 8/15 | batch 9300/13705 | loss 0.3554 | avg 0.3590
  epoch 8/15 | batch 9400/13705 | loss 0.3553 | avg 0.3590
  epoch 8/15 | batch 9500/13705 | loss 0.3688 | avg 0.3590
  epoch 8/15 | batch 9600/13705 | loss 0.3461 | avg 0.3590
  epoch 8/15 | batch 9700/13705 | loss 0.3569 | avg 0.3590
  epoch 8/15 | batch 9800/13705 | loss 0.3723 | avg 0.3590
  epoch 8/15 | batch 9900/13705 | loss 0.3731 | avg 0.3590
  epoch 8/15 | batch 10000/13705 | loss 0.3581 | avg 0.3590
  epoch 8/15 | batch 10100/13705 | loss 0.3608 | avg 0.3590
  epoch 8/15 | batch 10200/13705 | loss 0.3592 | avg 0.3590
  epoch 8/15 | batch 10300/13705 | loss 0.3708 | avg 0.3590
  epoch 8/15 | batch 10400/13705 | loss 0.3556 | avg 0.3590
  epoch 8/15 | batch 10500/13705 | loss 0.3518 | avg 0.3590
  epoch 8/15 | batch 10600/13705 | loss 0.3495 | avg 0.3590
  epoch 8/15 | batch 10700/13705 | loss 0.3631 | avg 0.3590
  epoch 8/15 | batch 10800/13705 | loss 0.3740 | avg 0.3590
  epoch 8/15 | batch 10900/13705 | loss 0.3493 | avg 0.3590
  epoch 8/15 | batch 11000/13705 | loss 0.3434 | avg 0.3590
  epoch 8/15 | batch 11100/13705 | loss 0.3626 | avg 0.3590
  epoch 8/15 | batch 11200/13705 | loss 0.3803 | avg 0.3590
  epoch 8/15 | batch 11300/13705 | loss 0.3681 | avg 0.3590
  epoch 8/15 | batch 11400/13705 | loss 0.3503 | avg 0.3590
  epoch 8/15 | batch 11500/13705 | loss 0.3587 | avg 0.3589
  epoch 8/15 | batch 11600/13705 | loss 0.3518 | avg 0.3589
  epoch 8/15 | batch 11700/13705 | loss 0.3622 | avg 0.3589
  epoch 8/15 | batch 11800/13705 | loss 0.3490 | avg 0.3589
  epoch 8/15 | batch 11900/13705 | loss 0.3516 | avg 0.3589
  epoch 8/15 | batch 12000/13705 | loss 0.3616 | avg 0.3589
  epoch 8/15 | batch 12100/13705 | loss 0.3692 | avg 0.3589
  epoch 8/15 | batch 12200/13705 | loss 0.3734 | avg 0.3589
  epoch 8/15 | batch 12300/13705 | loss 0.3501 | avg 0.3589
  epoch 8/15 | batch 12400/13705 | loss 0.3501 | avg 0.3589
  epoch 8/15 | batch 12500/13705 | loss 0.3568 | avg 0.3589
  epoch 8/15 | batch 12600/13705 | loss 0.3788 | avg 0.3590
  epoch 8/15 | batch 12700/13705 | loss 0.3541 | avg 0.3590
  epoch 8/15 | batch 12800/13705 | loss 0.3578 | avg 0.3589
  epoch 8/15 | batch 12900/13705 | loss 0.3647 | avg 0.3590
  epoch 8/15 | batch 13000/13705 | loss 0.3627 | avg 0.3590
  epoch 8/15 | batch 13100/13705 | loss 0.3567 | avg 0.3590
  epoch 8/15 | batch 13200/13705 | loss 0.3651 | avg 0.3590
  epoch 8/15 | batch 13300/13705 | loss 0.3601 | avg 0.3590
  epoch 8/15 | batch 13400/13705 | loss 0.3628 | avg 0.3590
  epoch 8/15 | batch 13500/13705 | loss 0.3730 | avg 0.3590
  epoch 8/15 | batch 13600/13705 | loss 0.3574 | avg 0.3590
  epoch 8/15 | batch 13700/13705 | loss 0.3582 | avg 0.3590
Epoch 8/15 | average loss 0.3590
  epoch 9/15 | batch 100/13705 | loss 0.3575 | avg 0.3575
  epoch 9/15 | batch 200/13705 | loss 0.3689 | avg 0.3570
  epoch 9/15 | batch 300/13705 | loss 0.3500 | avg 0.3571
  epoch 9/15 | batch 400/13705 | loss 0.3419 | avg 0.3569
  epoch 9/15 | batch 500/13705 | loss 0.3603 | avg 0.3569
  epoch 9/15 | batch 600/13705 | loss 0.3627 | avg 0.3567
  epoch 9/15 | batch 700/13705 | loss 0.3426 | avg 0.3567
  epoch 9/15 | batch 800/13705 | loss 0.3623 | avg 0.3567
  epoch 9/15 | batch 900/13705 | loss 0.3548 | avg 0.3567
  epoch 9/15 | batch 1000/13705 | loss 0.3516 | avg 0.3568
  epoch 9/15 | batch 1100/13705 | loss 0.3655 | avg 0.3569
  epoch 9/15 | batch 1200/13705 | loss 0.3692 | avg 0.3569
  epoch 9/15 | batch 1300/13705 | loss 0.3600 | avg 0.3568
  epoch 9/15 | batch 1400/13705 | loss 0.3569 | avg 0.3568
  epoch 9/15 | batch 1500/13705 | loss 0.3585 | avg 0.3569
  epoch 9/15 | batch 1600/13705 | loss 0.3453 | avg 0.3569
  epoch 9/15 | batch 1700/13705 | loss 0.3519 | avg 0.3569
  epoch 9/15 | batch 1800/13705 | loss 0.3533 | avg 0.3569
  epoch 9/15 | batch 1900/13705 | loss 0.3715 | avg 0.3570
  epoch 9/15 | batch 2000/13705 | loss 0.3605 | avg 0.3571
  epoch 9/15 | batch 2100/13705 | loss 0.3527 | avg 0.3571
  epoch 9/15 | batch 2200/13705 | loss 0.3717 | avg 0.3571
  epoch 9/15 | batch 2300/13705 | loss 0.3722 | avg 0.3571
  epoch 9/15 | batch 2400/13705 | loss 0.3495 | avg 0.3571
  epoch 9/15 | batch 2500/13705 | loss 0.3482 | avg 0.3571
  epoch 9/15 | batch 2600/13705 | loss 0.3660 | avg 0.3571
  epoch 9/15 | batch 2700/13705 | loss 0.3612 | avg 0.3571
  epoch 9/15 | batch 2800/13705 | loss 0.3587 | avg 0.3571
  epoch 9/15 | batch 2900/13705 | loss 0.3588 | avg 0.3571
  epoch 9/15 | batch 3000/13705 | loss 0.3562 | avg 0.3571
  epoch 9/15 | batch 3100/13705 | loss 0.3550 | avg 0.3571
  epoch 9/15 | batch 3200/13705 | loss 0.3547 | avg 0.3571
  epoch 9/15 | batch 3300/13705 | loss 0.3697 | avg 0.3571
  epoch 9/15 | batch 3400/13705 | loss 0.3560 | avg 0.3571
  epoch 9/15 | batch 3500/13705 | loss 0.3683 | avg 0.3571
  epoch 9/15 | batch 3600/13705 | loss 0.3457 | avg 0.3571
  epoch 9/15 | batch 3700/13705 | loss 0.3614 | avg 0.3572
  epoch 9/15 | batch 3800/13705 | loss 0.3550 | avg 0.3572
  epoch 9/15 | batch 3900/13705 | loss 0.3498 | avg 0.3572
  epoch 9/15 | batch 4000/13705 | loss 0.3436 | avg 0.3572
  epoch 9/15 | batch 4100/13705 | loss 0.3430 | avg 0.3572
  epoch 9/15 | batch 4200/13705 | loss 0.3416 | avg 0.3572
  epoch 9/15 | batch 4300/13705 | loss 0.3418 | avg 0.3572
  epoch 9/15 | batch 4400/13705 | loss 0.3560 | avg 0.3572
  epoch 9/15 | batch 4500/13705 | loss 0.3471 | avg 0.3572
  epoch 9/15 | batch 4600/13705 | loss 0.3655 | avg 0.3572
  epoch 9/15 | batch 4700/13705 | loss 0.3599 | avg 0.3572
  epoch 9/15 | batch 4800/13705 | loss 0.3524 | avg 0.3572
  epoch 9/15 | batch 4900/13705 | loss 0.3664 | avg 0.3572
  epoch 9/15 | batch 5000/13705 | loss 0.3730 | avg 0.3572
  epoch 9/15 | batch 5100/13705 | loss 0.3674 | avg 0.3572
  epoch 9/15 | batch 5200/13705 | loss 0.3678 | avg 0.3573
  epoch 9/15 | batch 5300/13705 | loss 0.3449 | avg 0.3573
  epoch 9/15 | batch 5400/13705 | loss 0.3634 | avg 0.3573
  epoch 9/15 | batch 5500/13705 | loss 0.3654 | avg 0.3573
  epoch 9/15 | batch 5600/13705 | loss 0.3594 | avg 0.3573
  epoch 9/15 | batch 5700/13705 | loss 0.3674 | avg 0.3573
  epoch 9/15 | batch 5800/13705 | loss 0.3517 | avg 0.3573
  epoch 9/15 | batch 5900/13705 | loss 0.3471 | avg 0.3573
  epoch 9/15 | batch 6000/13705 | loss 0.3474 | avg 0.3574
  epoch 9/15 | batch 6100/13705 | loss 0.3474 | avg 0.3574
  epoch 9/15 | batch 6200/13705 | loss 0.3569 | avg 0.3573
  epoch 9/15 | batch 6300/13705 | loss 0.3580 | avg 0.3573
  epoch 9/15 | batch 6400/13705 | loss 0.3563 | avg 0.3573
  epoch 9/15 | batch 6500/13705 | loss 0.3667 | avg 0.3573
  epoch 9/15 | batch 6600/13705 | loss 0.3615 | avg 0.3573
  epoch 9/15 | batch 6700/13705 | loss 0.3662 | avg 0.3573
  epoch 9/15 | batch 6800/13705 | loss 0.3574 | avg 0.3574
  epoch 9/15 | batch 6900/13705 | loss 0.3449 | avg 0.3574
  epoch 9/15 | batch 7000/13705 | loss 0.3519 | avg 0.3574
  epoch 9/15 | batch 7100/13705 | loss 0.3503 | avg 0.3574
  epoch 9/15 | batch 7200/13705 | loss 0.3443 | avg 0.3573
  epoch 9/15 | batch 7300/13705 | loss 0.3524 | avg 0.3573
  epoch 9/15 | batch 7400/13705 | loss 0.3416 | avg 0.3573
  epoch 9/15 | batch 7500/13705 | loss 0.3497 | avg 0.3573
  epoch 9/15 | batch 7600/13705 | loss 0.3744 | avg 0.3573
  epoch 9/15 | batch 7700/13705 | loss 0.3535 | avg 0.3573
  epoch 9/15 | batch 7800/13705 | loss 0.3638 | avg 0.3573
  epoch 9/15 | batch 7900/13705 | loss 0.3651 | avg 0.3573
  epoch 9/15 | batch 8000/13705 | loss 0.3688 | avg 0.3573
  epoch 9/15 | batch 8100/13705 | loss 0.3548 | avg 0.3573
  epoch 9/15 | batch 8200/13705 | loss 0.3567 | avg 0.3573
  epoch 9/15 | batch 8300/13705 | loss 0.3591 | avg 0.3574
  epoch 9/15 | batch 8400/13705 | loss 0.3658 | avg 0.3574
  epoch 9/15 | batch 8500/13705 | loss 0.3476 | avg 0.3573
  epoch 9/15 | batch 8600/13705 | loss 0.3558 | avg 0.3573
  epoch 9/15 | batch 8700/13705 | loss 0.3704 | avg 0.3574
  epoch 9/15 | batch 8800/13705 | loss 0.3631 | avg 0.3574
  epoch 9/15 | batch 8900/13705 | loss 0.3661 | avg 0.3574
  epoch 9/15 | batch 9000/13705 | loss 0.3810 | avg 0.3574
  epoch 9/15 | batch 9100/13705 | loss 0.3526 | avg 0.3574
  epoch 9/15 | batch 9200/13705 | loss 0.3498 | avg 0.3574
  epoch 9/15 | batch 9300/13705 | loss 0.3521 | avg 0.3574
  epoch 9/15 | batch 9400/13705 | loss 0.3603 | avg 0.3574
  epoch 9/15 | batch 9500/13705 | loss 0.3603 | avg 0.3574
  epoch 9/15 | batch 9600/13705 | loss 0.3591 | avg 0.3574
  epoch 9/15 | batch 9700/13705 | loss 0.3712 | avg 0.3574
  epoch 9/15 | batch 9800/13705 | loss 0.3684 | avg 0.3574
  epoch 9/15 | batch 9900/13705 | loss 0.3701 | avg 0.3574
  epoch 9/15 | batch 10000/13705 | loss 0.3616 | avg 0.3574
  epoch 9/15 | batch 10100/13705 | loss 0.3695 | avg 0.3574
  epoch 9/15 | batch 10200/13705 | loss 0.3607 | avg 0.3574
  epoch 9/15 | batch 10300/13705 | loss 0.3571 | avg 0.3574
  epoch 9/15 | batch 10400/13705 | loss 0.3484 | avg 0.3574
  epoch 9/15 | batch 10500/13705 | loss 0.3526 | avg 0.3574
  epoch 9/15 | batch 10600/13705 | loss 0.3611 | avg 0.3574
  epoch 9/15 | batch 10700/13705 | loss 0.3618 | avg 0.3574
  epoch 9/15 | batch 10800/13705 | loss 0.3505 | avg 0.3574
  epoch 9/15 | batch 10900/13705 | loss 0.3483 | avg 0.3574
  epoch 9/15 | batch 11000/13705 | loss 0.3674 | avg 0.3574
  epoch 9/15 | batch 11100/13705 | loss 0.3649 | avg 0.3574
  epoch 9/15 | batch 11200/13705 | loss 0.3643 | avg 0.3574
  epoch 9/15 | batch 11300/13705 | loss 0.3465 | avg 0.3574
  epoch 9/15 | batch 11400/13705 | loss 0.3421 | avg 0.3574
  epoch 9/15 | batch 11500/13705 | loss 0.3680 | avg 0.3574
  epoch 9/15 | batch 11600/13705 | loss 0.3486 | avg 0.3574
  epoch 9/15 | batch 11700/13705 | loss 0.3675 | avg 0.3574
  epoch 9/15 | batch 11800/13705 | loss 0.3646 | avg 0.3574
  epoch 9/15 | batch 11900/13705 | loss 0.3487 | avg 0.3574
  epoch 9/15 | batch 12000/13705 | loss 0.3613 | avg 0.3574
  epoch 9/15 | batch 12100/13705 | loss 0.3586 | avg 0.3574
  epoch 9/15 | batch 12200/13705 | loss 0.3488 | avg 0.3574
  epoch 9/15 | batch 12300/13705 | loss 0.3488 | avg 0.3574
  epoch 9/15 | batch 12400/13705 | loss 0.3641 | avg 0.3574
  epoch 9/15 | batch 12500/13705 | loss 0.3436 | avg 0.3574
  epoch 9/15 | batch 12600/13705 | loss 0.3438 | avg 0.3574
  epoch 9/15 | batch 12700/13705 | loss 0.3596 | avg 0.3574
  epoch 9/15 | batch 12800/13705 | loss 0.3459 | avg 0.3574
  epoch 9/15 | batch 12900/13705 | loss 0.3512 | avg 0.3574
  epoch 9/15 | batch 13000/13705 | loss 0.3556 | avg 0.3574
  epoch 9/15 | batch 13100/13705 | loss 0.3455 | avg 0.3574
  epoch 9/15 | batch 13200/13705 | loss 0.3590 | avg 0.3574
  epoch 9/15 | batch 13300/13705 | loss 0.3577 | avg 0.3574
  epoch 9/15 | batch 13400/13705 | loss 0.3784 | avg 0.3574
  epoch 9/15 | batch 13500/13705 | loss 0.3568 | avg 0.3574
  epoch 9/15 | batch 13600/13705 | loss 0.3537 | avg 0.3574
  epoch 9/15 | batch 13700/13705 | loss 0.3660 | avg 0.3574
Epoch 9/15 | average loss 0.3574
  epoch 10/15 | batch 100/13705 | loss 0.3577 | avg 0.3535
  epoch 10/15 | batch 200/13705 | loss 0.3499 | avg 0.3539
  epoch 10/15 | batch 300/13705 | loss 0.3569 | avg 0.3538
  epoch 10/15 | batch 400/13705 | loss 0.3679 | avg 0.3543
  epoch 10/15 | batch 500/13705 | loss 0.3450 | avg 0.3547
  epoch 10/15 | batch 600/13705 | loss 0.3594 | avg 0.3547
  epoch 10/15 | batch 700/13705 | loss 0.3647 | avg 0.3545
  epoch 10/15 | batch 800/13705 | loss 0.3467 | avg 0.3544
  epoch 10/15 | batch 900/13705 | loss 0.3577 | avg 0.3545
  epoch 10/15 | batch 1000/13705 | loss 0.3454 | avg 0.3544
  epoch 10/15 | batch 1100/13705 | loss 0.3486 | avg 0.3544
  epoch 10/15 | batch 1200/13705 | loss 0.3553 | avg 0.3545
  epoch 10/15 | batch 1300/13705 | loss 0.3596 | avg 0.3546
  epoch 10/15 | batch 1400/13705 | loss 0.3551 | avg 0.3546
  epoch 10/15 | batch 1500/13705 | loss 0.3434 | avg 0.3546
  epoch 10/15 | batch 1600/13705 | loss 0.3364 | avg 0.3547
  epoch 10/15 | batch 1700/13705 | loss 0.3496 | avg 0.3548
  epoch 10/15 | batch 1800/13705 | loss 0.3654 | avg 0.3548
  epoch 10/15 | batch 1900/13705 | loss 0.3545 | avg 0.3549
  epoch 10/15 | batch 2000/13705 | loss 0.3616 | avg 0.3550
  epoch 10/15 | batch 2100/13705 | loss 0.3457 | avg 0.3550
  epoch 10/15 | batch 2200/13705 | loss 0.3622 | avg 0.3551
  epoch 10/15 | batch 2300/13705 | loss 0.3393 | avg 0.3551
  epoch 10/15 | batch 2400/13705 | loss 0.3549 | avg 0.3552
  epoch 10/15 | batch 2500/13705 | loss 0.3575 | avg 0.3552
  epoch 10/15 | batch 2600/13705 | loss 0.3619 | avg 0.3552
  epoch 10/15 | batch 2700/13705 | loss 0.3585 | avg 0.3552
  epoch 10/15 | batch 2800/13705 | loss 0.3629 | avg 0.3553
  epoch 10/15 | batch 2900/13705 | loss 0.3571 | avg 0.3553
  epoch 10/15 | batch 3000/13705 | loss 0.3440 | avg 0.3553
  epoch 10/15 | batch 3100/13705 | loss 0.3652 | avg 0.3554
  epoch 10/15 | batch 3200/13705 | loss 0.3480 | avg 0.3554
  epoch 10/15 | batch 3300/13705 | loss 0.3643 | avg 0.3555
  epoch 10/15 | batch 3400/13705 | loss 0.3623 | avg 0.3556
  epoch 10/15 | batch 3500/13705 | loss 0.3730 | avg 0.3556
  epoch 10/15 | batch 3600/13705 | loss 0.3513 | avg 0.3556
  epoch 10/15 | batch 3700/13705 | loss 0.3572 | avg 0.3556
  epoch 10/15 | batch 3800/13705 | loss 0.3556 | avg 0.3557
  epoch 10/15 | batch 3900/13705 | loss 0.3483 | avg 0.3557
  epoch 10/15 | batch 4000/13705 | loss 0.3762 | avg 0.3557
  epoch 10/15 | batch 4100/13705 | loss 0.3678 | avg 0.3557
  epoch 10/15 | batch 4200/13705 | loss 0.3615 | avg 0.3557
  epoch 10/15 | batch 4300/13705 | loss 0.3625 | avg 0.3557
  epoch 10/15 | batch 4400/13705 | loss 0.3499 | avg 0.3558
  epoch 10/15 | batch 4500/13705 | loss 0.3680 | avg 0.3558
  epoch 10/15 | batch 4600/13705 | loss 0.3524 | avg 0.3559
  epoch 10/15 | batch 4700/13705 | loss 0.3437 | avg 0.3558
  epoch 10/15 | batch 4800/13705 | loss 0.3505 | avg 0.3559
  epoch 10/15 | batch 4900/13705 | loss 0.3490 | avg 0.3559
  epoch 10/15 | batch 5000/13705 | loss 0.3590 | avg 0.3559
  epoch 10/15 | batch 5100/13705 | loss 0.3411 | avg 0.3559
  epoch 10/15 | batch 5200/13705 | loss 0.3589 | avg 0.3559
  epoch 10/15 | batch 5300/13705 | loss 0.3556 | avg 0.3559
  epoch 10/15 | batch 5400/13705 | loss 0.3405 | avg 0.3559
  epoch 10/15 | batch 5500/13705 | loss 0.3540 | avg 0.3559
  epoch 10/15 | batch 5600/13705 | loss 0.3446 | avg 0.3559
  epoch 10/15 | batch 5700/13705 | loss 0.3594 | avg 0.3559
  epoch 10/15 | batch 5800/13705 | loss 0.3501 | avg 0.3559
  epoch 10/15 | batch 5900/13705 | loss 0.3541 | avg 0.3559
  epoch 10/15 | batch 6000/13705 | loss 0.3680 | avg 0.3559
  epoch 10/15 | batch 6100/13705 | loss 0.3493 | avg 0.3559
  epoch 10/15 | batch 6200/13705 | loss 0.3750 | avg 0.3559
  epoch 10/15 | batch 6300/13705 | loss 0.3532 | avg 0.3559
  epoch 10/15 | batch 6400/13705 | loss 0.3594 | avg 0.3560
  epoch 10/15 | batch 6500/13705 | loss 0.3577 | avg 0.3560
  epoch 10/15 | batch 6600/13705 | loss 0.3589 | avg 0.3560
  epoch 10/15 | batch 6700/13705 | loss 0.3516 | avg 0.3560
  epoch 10/15 | batch 6800/13705 | loss 0.3586 | avg 0.3560
  epoch 10/15 | batch 6900/13705 | loss 0.3588 | avg 0.3560
  epoch 10/15 | batch 7000/13705 | loss 0.3505 | avg 0.3560
  epoch 10/15 | batch 7100/13705 | loss 0.3686 | avg 0.3560
  epoch 10/15 | batch 7200/13705 | loss 0.3531 | avg 0.3561
  epoch 10/15 | batch 7300/13705 | loss 0.3615 | avg 0.3561
  epoch 10/15 | batch 7400/13705 | loss 0.3608 | avg 0.3561
  epoch 10/15 | batch 7500/13705 | loss 0.3445 | avg 0.3561
  epoch 10/15 | batch 7600/13705 | loss 0.3623 | avg 0.3561
  epoch 10/15 | batch 7700/13705 | loss 0.3648 | avg 0.3561
  epoch 10/15 | batch 7800/13705 | loss 0.3741 | avg 0.3561
  epoch 10/15 | batch 7900/13705 | loss 0.3336 | avg 0.3561
  epoch 10/15 | batch 8000/13705 | loss 0.3566 | avg 0.3561
  epoch 10/15 | batch 8100/13705 | loss 0.3635 | avg 0.3561
  epoch 10/15 | batch 8200/13705 | loss 0.3409 | avg 0.3561
  epoch 10/15 | batch 8300/13705 | loss 0.3513 | avg 0.3562
  epoch 10/15 | batch 8400/13705 | loss 0.3651 | avg 0.3562
  epoch 10/15 | batch 8500/13705 | loss 0.3589 | avg 0.3562
  epoch 10/15 | batch 8600/13705 | loss 0.3483 | avg 0.3562
  epoch 10/15 | batch 8700/13705 | loss 0.3631 | avg 0.3562
  epoch 10/15 | batch 8800/13705 | loss 0.3755 | avg 0.3562
  epoch 10/15 | batch 8900/13705 | loss 0.3544 | avg 0.3562
  epoch 10/15 | batch 9000/13705 | loss 0.3501 | avg 0.3562
  epoch 10/15 | batch 9100/13705 | loss 0.3525 | avg 0.3562
  epoch 10/15 | batch 9200/13705 | loss 0.3556 | avg 0.3562
  epoch 10/15 | batch 9300/13705 | loss 0.3636 | avg 0.3562
  epoch 10/15 | batch 9400/13705 | loss 0.3535 | avg 0.3562
  epoch 10/15 | batch 9500/13705 | loss 0.3583 | avg 0.3562
  epoch 10/15 | batch 9600/13705 | loss 0.3493 | avg 0.3562
  epoch 10/15 | batch 9700/13705 | loss 0.3593 | avg 0.3562
  epoch 10/15 | batch 9800/13705 | loss 0.3526 | avg 0.3562
  epoch 10/15 | batch 9900/13705 | loss 0.3555 | avg 0.3562
  epoch 10/15 | batch 10000/13705 | loss 0.3654 | avg 0.3562
  epoch 10/15 | batch 10100/13705 | loss 0.3582 | avg 0.3562
  epoch 10/15 | batch 10200/13705 | loss 0.3686 | avg 0.3562
  epoch 10/15 | batch 10300/13705 | loss 0.3515 | avg 0.3562
  epoch 10/15 | batch 10400/13705 | loss 0.3642 | avg 0.3562
  epoch 10/15 | batch 10500/13705 | loss 0.3520 | avg 0.3562
  epoch 10/15 | batch 10600/13705 | loss 0.3653 | avg 0.3562
  epoch 10/15 | batch 10700/13705 | loss 0.3589 | avg 0.3562
  epoch 10/15 | batch 10800/13705 | loss 0.3573 | avg 0.3562
  epoch 10/15 | batch 10900/13705 | loss 0.3507 | avg 0.3562
  epoch 10/15 | batch 11000/13705 | loss 0.3691 | avg 0.3562
  epoch 10/15 | batch 11100/13705 | loss 0.3581 | avg 0.3562
  epoch 10/15 | batch 11200/13705 | loss 0.3558 | avg 0.3562
  epoch 10/15 | batch 11300/13705 | loss 0.3519 | avg 0.3562
  epoch 10/15 | batch 11400/13705 | loss 0.3502 | avg 0.3562
  epoch 10/15 | batch 11500/13705 | loss 0.3631 | avg 0.3562
  epoch 10/15 | batch 11600/13705 | loss 0.3549 | avg 0.3562
  epoch 10/15 | batch 11700/13705 | loss 0.3510 | avg 0.3562
  epoch 10/15 | batch 11800/13705 | loss 0.3629 | avg 0.3562
  epoch 10/15 | batch 11900/13705 | loss 0.3407 | avg 0.3562
  epoch 10/15 | batch 12000/13705 | loss 0.3565 | avg 0.3562
  epoch 10/15 | batch 12100/13705 | loss 0.3620 | avg 0.3562
  epoch 10/15 | batch 12200/13705 | loss 0.3573 | avg 0.3562
  epoch 10/15 | batch 12300/13705 | loss 0.3709 | avg 0.3562
  epoch 10/15 | batch 12400/13705 | loss 0.3611 | avg 0.3562
  epoch 10/15 | batch 12500/13705 | loss 0.3553 | avg 0.3562
  epoch 10/15 | batch 12600/13705 | loss 0.3529 | avg 0.3562
  epoch 10/15 | batch 12700/13705 | loss 0.3623 | avg 0.3562
  epoch 10/15 | batch 12800/13705 | loss 0.3758 | avg 0.3562
  epoch 10/15 | batch 12900/13705 | loss 0.3492 | avg 0.3562
  epoch 10/15 | batch 13000/13705 | loss 0.3715 | avg 0.3562
  epoch 10/15 | batch 13100/13705 | loss 0.3464 | avg 0.3562
  epoch 10/15 | batch 13200/13705 | loss 0.3622 | avg 0.3562
  epoch 10/15 | batch 13300/13705 | loss 0.3630 | avg 0.3562
  epoch 10/15 | batch 13400/13705 | loss 0.3507 | avg 0.3562
  epoch 10/15 | batch 13500/13705 | loss 0.3521 | avg 0.3562
  epoch 10/15 | batch 13600/13705 | loss 0.3459 | avg 0.3562
  epoch 10/15 | batch 13700/13705 | loss 0.3505 | avg 0.3562
Epoch 10/15 | average loss 0.3562
  epoch 11/15 | batch 100/13705 | loss 0.3505 | avg 0.3529
  epoch 11/15 | batch 200/13705 | loss 0.3423 | avg 0.3533
  epoch 11/15 | batch 300/13705 | loss 0.3485 | avg 0.3539
  epoch 11/15 | batch 400/13705 | loss 0.3581 | avg 0.3541
  epoch 11/15 | batch 500/13705 | loss 0.3495 | avg 0.3542
  epoch 11/15 | batch 600/13705 | loss 0.3538 | avg 0.3541
  epoch 11/15 | batch 700/13705 | loss 0.3726 | avg 0.3540
  epoch 11/15 | batch 800/13705 | loss 0.3591 | avg 0.3540
  epoch 11/15 | batch 900/13705 | loss 0.3433 | avg 0.3539
  epoch 11/15 | batch 1000/13705 | loss 0.3782 | avg 0.3540
  epoch 11/15 | batch 1100/13705 | loss 0.3645 | avg 0.3540
  epoch 11/15 | batch 1200/13705 | loss 0.3701 | avg 0.3541
  epoch 11/15 | batch 1300/13705 | loss 0.3589 | avg 0.3541
  epoch 11/15 | batch 1400/13705 | loss 0.3615 | avg 0.3541
  epoch 11/15 | batch 1500/13705 | loss 0.3445 | avg 0.3541
  epoch 11/15 | batch 1600/13705 | loss 0.3602 | avg 0.3541
  epoch 11/15 | batch 1700/13705 | loss 0.3590 | avg 0.3540
  epoch 11/15 | batch 1800/13705 | loss 0.3509 | avg 0.3541
  epoch 11/15 | batch 1900/13705 | loss 0.3383 | avg 0.3541
  epoch 11/15 | batch 2000/13705 | loss 0.3506 | avg 0.3541
  epoch 11/15 | batch 2100/13705 | loss 0.3409 | avg 0.3542
  epoch 11/15 | batch 2200/13705 | loss 0.3652 | avg 0.3543
  epoch 11/15 | batch 2300/13705 | loss 0.3520 | avg 0.3543
  epoch 11/15 | batch 2400/13705 | loss 0.3430 | avg 0.3543
  epoch 11/15 | batch 2500/13705 | loss 0.3729 | avg 0.3544
  epoch 11/15 | batch 2600/13705 | loss 0.3628 | avg 0.3545
  epoch 11/15 | batch 2700/13705 | loss 0.3647 | avg 0.3545
  epoch 11/15 | batch 2800/13705 | loss 0.3648 | avg 0.3545
  epoch 11/15 | batch 2900/13705 | loss 0.3664 | avg 0.3545
  epoch 11/15 | batch 3000/13705 | loss 0.3517 | avg 0.3545
  epoch 11/15 | batch 3100/13705 | loss 0.3444 | avg 0.3546
  epoch 11/15 | batch 3200/13705 | loss 0.3651 | avg 0.3546
  epoch 11/15 | batch 3300/13705 | loss 0.3654 | avg 0.3547
  epoch 11/15 | batch 3400/13705 | loss 0.3705 | avg 0.3547
  epoch 11/15 | batch 3500/13705 | loss 0.3501 | avg 0.3547
  epoch 11/15 | batch 3600/13705 | loss 0.3525 | avg 0.3547
  epoch 11/15 | batch 3700/13705 | loss 0.3613 | avg 0.3547
  epoch 11/15 | batch 3800/13705 | loss 0.3530 | avg 0.3547
  epoch 11/15 | batch 3900/13705 | loss 0.3441 | avg 0.3547
  epoch 11/15 | batch 4000/13705 | loss 0.3673 | avg 0.3547
  epoch 11/15 | batch 4100/13705 | loss 0.3637 | avg 0.3548
  epoch 11/15 | batch 4200/13705 | loss 0.3599 | avg 0.3548
  epoch 11/15 | batch 4300/13705 | loss 0.3563 | avg 0.3548
  epoch 11/15 | batch 4400/13705 | loss 0.3585 | avg 0.3548
  epoch 11/15 | batch 4500/13705 | loss 0.3613 | avg 0.3549
  epoch 11/15 | batch 4600/13705 | loss 0.3483 | avg 0.3549
  epoch 11/15 | batch 4700/13705 | loss 0.3614 | avg 0.3549
  epoch 11/15 | batch 4800/13705 | loss 0.3513 | avg 0.3549
  epoch 11/15 | batch 4900/13705 | loss 0.3461 | avg 0.3549
  epoch 11/15 | batch 5000/13705 | loss 0.3582 | avg 0.3549
  epoch 11/15 | batch 5100/13705 | loss 0.3494 | avg 0.3549
  epoch 11/15 | batch 5200/13705 | loss 0.3633 | avg 0.3549
  epoch 11/15 | batch 5300/13705 | loss 0.3627 | avg 0.3549
  epoch 11/15 | batch 5400/13705 | loss 0.3639 | avg 0.3550
  epoch 11/15 | batch 5500/13705 | loss 0.3442 | avg 0.3549
  epoch 11/15 | batch 5600/13705 | loss 0.3465 | avg 0.3549
  epoch 11/15 | batch 5700/13705 | loss 0.3671 | avg 0.3549
  epoch 11/15 | batch 5800/13705 | loss 0.3553 | avg 0.3550
  epoch 11/15 | batch 5900/13705 | loss 0.3626 | avg 0.3550
  epoch 11/15 | batch 6000/13705 | loss 0.3708 | avg 0.3549
  epoch 11/15 | batch 6100/13705 | loss 0.3517 | avg 0.3549
  epoch 11/15 | batch 6200/13705 | loss 0.3602 | avg 0.3549
  epoch 11/15 | batch 6300/13705 | loss 0.3632 | avg 0.3549
  epoch 11/15 | batch 6400/13705 | loss 0.3667 | avg 0.3549
  epoch 11/15 | batch 6500/13705 | loss 0.3568 | avg 0.3549
  epoch 11/15 | batch 6600/13705 | loss 0.3505 | avg 0.3549
  epoch 11/15 | batch 6700/13705 | loss 0.3419 | avg 0.3549
  epoch 11/15 | batch 6800/13705 | loss 0.3611 | avg 0.3550
  epoch 11/15 | batch 6900/13705 | loss 0.3566 | avg 0.3550
  epoch 11/15 | batch 7000/13705 | loss 0.3542 | avg 0.3550
  epoch 11/15 | batch 7100/13705 | loss 0.3498 | avg 0.3550
  epoch 11/15 | batch 7200/13705 | loss 0.3577 | avg 0.3550
  epoch 11/15 | batch 7300/13705 | loss 0.3488 | avg 0.3550
  epoch 11/15 | batch 7400/13705 | loss 0.3711 | avg 0.3550
  epoch 11/15 | batch 7500/13705 | loss 0.3540 | avg 0.3550
  epoch 11/15 | batch 7600/13705 | loss 0.3634 | avg 0.3550
  epoch 11/15 | batch 7700/13705 | loss 0.3525 | avg 0.3550
  epoch 11/15 | batch 7800/13705 | loss 0.3547 | avg 0.3550
  epoch 11/15 | batch 7900/13705 | loss 0.3547 | avg 0.3550
  epoch 11/15 | batch 8000/13705 | loss 0.3423 | avg 0.3550
  epoch 11/15 | batch 8100/13705 | loss 0.3435 | avg 0.3550
  epoch 11/15 | batch 8200/13705 | loss 0.3673 | avg 0.3550
  epoch 11/15 | batch 8300/13705 | loss 0.3380 | avg 0.3550
  epoch 11/15 | batch 8400/13705 | loss 0.3637 | avg 0.3550
  epoch 11/15 | batch 8500/13705 | loss 0.3580 | avg 0.3550
  epoch 11/15 | batch 8600/13705 | loss 0.3704 | avg 0.3550
  epoch 11/15 | batch 8700/13705 | loss 0.3413 | avg 0.3550
  epoch 11/15 | batch 8800/13705 | loss 0.3506 | avg 0.3550
  epoch 11/15 | batch 8900/13705 | loss 0.3581 | avg 0.3550
  epoch 11/15 | batch 9000/13705 | loss 0.3685 | avg 0.3550
  epoch 11/15 | batch 9100/13705 | loss 0.3555 | avg 0.3550
  epoch 11/15 | batch 9200/13705 | loss 0.3579 | avg 0.3551
  epoch 11/15 | batch 9300/13705 | loss 0.3666 | avg 0.3550
  epoch 11/15 | batch 9400/13705 | loss 0.3473 | avg 0.3550
  epoch 11/15 | batch 9500/13705 | loss 0.3543 | avg 0.3550
  epoch 11/15 | batch 9600/13705 | loss 0.3573 | avg 0.3550
  epoch 11/15 | batch 9700/13705 | loss 0.3469 | avg 0.3550
  epoch 11/15 | batch 9800/13705 | loss 0.3558 | avg 0.3550
  epoch 11/15 | batch 9900/13705 | loss 0.3416 | avg 0.3550
  epoch 11/15 | batch 10000/13705 | loss 0.3618 | avg 0.3550
  epoch 11/15 | batch 10100/13705 | loss 0.3563 | avg 0.3550
  epoch 11/15 | batch 10200/13705 | loss 0.3599 | avg 0.3551
  epoch 11/15 | batch 10300/13705 | loss 0.3685 | avg 0.3551
  epoch 11/15 | batch 10400/13705 | loss 0.3720 | avg 0.3551
  epoch 11/15 | batch 10500/13705 | loss 0.3417 | avg 0.3551
  epoch 11/15 | batch 10600/13705 | loss 0.3456 | avg 0.3551
  epoch 11/15 | batch 10700/13705 | loss 0.3629 | avg 0.3551
  epoch 11/15 | batch 10800/13705 | loss 0.3364 | avg 0.3551
  epoch 11/15 | batch 10900/13705 | loss 0.3635 | avg 0.3551
  epoch 11/15 | batch 11000/13705 | loss 0.3705 | avg 0.3551
  epoch 11/15 | batch 11100/13705 | loss 0.3567 | avg 0.3551
  epoch 11/15 | batch 11200/13705 | loss 0.3593 | avg 0.3552
  epoch 11/15 | batch 11300/13705 | loss 0.3674 | avg 0.3552
  epoch 11/15 | batch 11400/13705 | loss 0.3415 | avg 0.3552
  epoch 11/15 | batch 11500/13705 | loss 0.3443 | avg 0.3552
  epoch 11/15 | batch 11600/13705 | loss 0.3666 | avg 0.3552
  epoch 11/15 | batch 11700/13705 | loss 0.3466 | avg 0.3552
  epoch 11/15 | batch 11800/13705 | loss 0.3490 | avg 0.3552
  epoch 11/15 | batch 11900/13705 | loss 0.3511 | avg 0.3552
  epoch 11/15 | batch 12000/13705 | loss 0.3664 | avg 0.3552
  epoch 11/15 | batch 12100/13705 | loss 0.3576 | avg 0.3552
  epoch 11/15 | batch 12200/13705 | loss 0.3629 | avg 0.3552
  epoch 11/15 | batch 12300/13705 | loss 0.3487 | avg 0.3552
  epoch 11/15 | batch 12400/13705 | loss 0.3461 | avg 0.3552
  epoch 11/15 | batch 12500/13705 | loss 0.3395 | avg 0.3552
  epoch 11/15 | batch 12600/13705 | loss 0.3722 | avg 0.3552
  epoch 11/15 | batch 12700/13705 | loss 0.3578 | avg 0.3552
  epoch 11/15 | batch 12800/13705 | loss 0.3579 | avg 0.3552
  epoch 11/15 | batch 12900/13705 | loss 0.3518 | avg 0.3552
  epoch 11/15 | batch 13000/13705 | loss 0.3559 | avg 0.3552
  epoch 11/15 | batch 13100/13705 | loss 0.3653 | avg 0.3552
  epoch 11/15 | batch 13200/13705 | loss 0.3522 | avg 0.3552
  epoch 11/15 | batch 13300/13705 | loss 0.3430 | avg 0.3552
  epoch 11/15 | batch 13400/13705 | loss 0.3614 | avg 0.3552
  epoch 11/15 | batch 13500/13705 | loss 0.3495 | avg 0.3552
  epoch 11/15 | batch 13600/13705 | loss 0.3481 | avg 0.3552
  epoch 11/15 | batch 13700/13705 | loss 0.3509 | avg 0.3552
Epoch 11/15 | average loss 0.3552
  epoch 12/15 | batch 100/13705 | loss 0.3357 | avg 0.3532
  epoch 12/15 | batch 200/13705 | loss 0.3510 | avg 0.3528
  epoch 12/15 | batch 300/13705 | loss 0.3529 | avg 0.3527
  epoch 12/15 | batch 400/13705 | loss 0.3552 | avg 0.3524
  epoch 12/15 | batch 500/13705 | loss 0.3627 | avg 0.3527
  epoch 12/15 | batch 600/13705 | loss 0.3585 | avg 0.3529
  epoch 12/15 | batch 700/13705 | loss 0.3592 | avg 0.3530
  epoch 12/15 | batch 800/13705 | loss 0.3597 | avg 0.3532
  epoch 12/15 | batch 900/13705 | loss 0.3467 | avg 0.3533
  epoch 12/15 | batch 1000/13705 | loss 0.3480 | avg 0.3532
  epoch 12/15 | batch 1100/13705 | loss 0.3532 | avg 0.3531
  epoch 12/15 | batch 1200/13705 | loss 0.3488 | avg 0.3531
  epoch 12/15 | batch 1300/13705 | loss 0.3641 | avg 0.3533
  epoch 12/15 | batch 1400/13705 | loss 0.3583 | avg 0.3533
  epoch 12/15 | batch 1500/13705 | loss 0.3558 | avg 0.3534
  epoch 12/15 | batch 1600/13705 | loss 0.3512 | avg 0.3535
  epoch 12/15 | batch 1700/13705 | loss 0.3479 | avg 0.3535
  epoch 12/15 | batch 1800/13705 | loss 0.3625 | avg 0.3535
  epoch 12/15 | batch 1900/13705 | loss 0.3514 | avg 0.3535
  epoch 12/15 | batch 2000/13705 | loss 0.3569 | avg 0.3536
  epoch 12/15 | batch 2100/13705 | loss 0.3687 | avg 0.3536
  epoch 12/15 | batch 2200/13705 | loss 0.3527 | avg 0.3536
  epoch 12/15 | batch 2300/13705 | loss 0.3505 | avg 0.3537
  epoch 12/15 | batch 2400/13705 | loss 0.3592 | avg 0.3537
  epoch 12/15 | batch 2500/13705 | loss 0.3750 | avg 0.3537
  epoch 12/15 | batch 2600/13705 | loss 0.3516 | avg 0.3537
  epoch 12/15 | batch 2700/13705 | loss 0.3692 | avg 0.3537
  epoch 12/15 | batch 2800/13705 | loss 0.3698 | avg 0.3537
  epoch 12/15 | batch 2900/13705 | loss 0.3709 | avg 0.3537
  epoch 12/15 | batch 3000/13705 | loss 0.3688 | avg 0.3537
  epoch 12/15 | batch 3100/13705 | loss 0.3479 | avg 0.3537
  epoch 12/15 | batch 3200/13705 | loss 0.3633 | avg 0.3537
  epoch 12/15 | batch 3300/13705 | loss 0.3535 | avg 0.3537
  epoch 12/15 | batch 3400/13705 | loss 0.3508 | avg 0.3538
  epoch 12/15 | batch 3500/13705 | loss 0.3510 | avg 0.3538
  epoch 12/15 | batch 3600/13705 | loss 0.3526 | avg 0.3538
  epoch 12/15 | batch 3700/13705 | loss 0.3417 | avg 0.3538
  epoch 12/15 | batch 3800/13705 | loss 0.3502 | avg 0.3537
  epoch 12/15 | batch 3900/13705 | loss 0.3430 | avg 0.3537
  epoch 12/15 | batch 4000/13705 | loss 0.3623 | avg 0.3537
  epoch 12/15 | batch 4100/13705 | loss 0.3605 | avg 0.3538
  epoch 12/15 | batch 4200/13705 | loss 0.3547 | avg 0.3538
  epoch 12/15 | batch 4300/13705 | loss 0.3360 | avg 0.3538
  epoch 12/15 | batch 4400/13705 | loss 0.3674 | avg 0.3538
  epoch 12/15 | batch 4500/13705 | loss 0.3421 | avg 0.3538
  epoch 12/15 | batch 4600/13705 | loss 0.3518 | avg 0.3538
  epoch 12/15 | batch 4700/13705 | loss 0.3375 | avg 0.3538
  epoch 12/15 | batch 4800/13705 | loss 0.3547 | avg 0.3538
  epoch 12/15 | batch 4900/13705 | loss 0.3693 | avg 0.3538
  epoch 12/15 | batch 5000/13705 | loss 0.3592 | avg 0.3538
  epoch 12/15 | batch 5100/13705 | loss 0.3586 | avg 0.3538
  epoch 12/15 | batch 5200/13705 | loss 0.3630 | avg 0.3538
  epoch 12/15 | batch 5300/13705 | loss 0.3507 | avg 0.3539
  epoch 12/15 | batch 5400/13705 | loss 0.3420 | avg 0.3539
  epoch 12/15 | batch 5500/13705 | loss 0.3604 | avg 0.3539
  epoch 12/15 | batch 5600/13705 | loss 0.3606 | avg 0.3539
  epoch 12/15 | batch 5700/13705 | loss 0.3463 | avg 0.3539
  epoch 12/15 | batch 5800/13705 | loss 0.3633 | avg 0.3539
  epoch 12/15 | batch 5900/13705 | loss 0.3639 | avg 0.3539
  epoch 12/15 | batch 6000/13705 | loss 0.3479 | avg 0.3539
  epoch 12/15 | batch 6100/13705 | loss 0.3467 | avg 0.3539
  epoch 12/15 | batch 6200/13705 | loss 0.3367 | avg 0.3539
  epoch 12/15 | batch 6300/13705 | loss 0.3588 | avg 0.3539
  epoch 12/15 | batch 6400/13705 | loss 0.3544 | avg 0.3539
  epoch 12/15 | batch 6500/13705 | loss 0.3587 | avg 0.3539
  epoch 12/15 | batch 6600/13705 | loss 0.3487 | avg 0.3540
  epoch 12/15 | batch 6700/13705 | loss 0.3465 | avg 0.3539
  epoch 12/15 | batch 6800/13705 | loss 0.3522 | avg 0.3540
  epoch 12/15 | batch 6900/13705 | loss 0.3581 | avg 0.3540
  epoch 12/15 | batch 7000/13705 | loss 0.3513 | avg 0.3540
  epoch 12/15 | batch 7100/13705 | loss 0.3444 | avg 0.3540
  epoch 12/15 | batch 7200/13705 | loss 0.3531 | avg 0.3540
  epoch 12/15 | batch 7300/13705 | loss 0.3528 | avg 0.3540
  epoch 12/15 | batch 7400/13705 | loss 0.3453 | avg 0.3541
  epoch 12/15 | batch 7500/13705 | loss 0.3539 | avg 0.3541
  epoch 12/15 | batch 7600/13705 | loss 0.3497 | avg 0.3541
  epoch 12/15 | batch 7700/13705 | loss 0.3544 | avg 0.3541
  epoch 12/15 | batch 7800/13705 | loss 0.3376 | avg 0.3541
  epoch 12/15 | batch 7900/13705 | loss 0.3664 | avg 0.3541
  epoch 12/15 | batch 8000/13705 | loss 0.3461 | avg 0.3541
  epoch 12/15 | batch 8100/13705 | loss 0.3822 | avg 0.3541
  epoch 12/15 | batch 8200/13705 | loss 0.3593 | avg 0.3541
  epoch 12/15 | batch 8300/13705 | loss 0.3422 | avg 0.3541
  epoch 12/15 | batch 8400/13705 | loss 0.3482 | avg 0.3541
  epoch 12/15 | batch 8500/13705 | loss 0.3601 | avg 0.3541
  epoch 12/15 | batch 8600/13705 | loss 0.3672 | avg 0.3542
  epoch 12/15 | batch 8700/13705 | loss 0.3795 | avg 0.3542
  epoch 12/15 | batch 8800/13705 | loss 0.3617 | avg 0.3542
  epoch 12/15 | batch 8900/13705 | loss 0.3451 | avg 0.3542
  epoch 12/15 | batch 9000/13705 | loss 0.3436 | avg 0.3542
  epoch 12/15 | batch 9100/13705 | loss 0.3454 | avg 0.3542
  epoch 12/15 | batch 9200/13705 | loss 0.3617 | avg 0.3542
  epoch 12/15 | batch 9300/13705 | loss 0.3544 | avg 0.3542
  epoch 12/15 | batch 9400/13705 | loss 0.3438 | avg 0.3542
  epoch 12/15 | batch 9500/13705 | loss 0.3599 | avg 0.3542
  epoch 12/15 | batch 9600/13705 | loss 0.3567 | avg 0.3542
  epoch 12/15 | batch 9700/13705 | loss 0.3609 | avg 0.3543
  epoch 12/15 | batch 9800/13705 | loss 0.3523 | avg 0.3543
  epoch 12/15 | batch 9900/13705 | loss 0.3424 | avg 0.3543
  epoch 12/15 | batch 10000/13705 | loss 0.3443 | avg 0.3543
  epoch 12/15 | batch 10100/13705 | loss 0.3570 | avg 0.3543
  epoch 12/15 | batch 10200/13705 | loss 0.3620 | avg 0.3543
  epoch 12/15 | batch 10300/13705 | loss 0.3477 | avg 0.3543
  epoch 12/15 | batch 10400/13705 | loss 0.3469 | avg 0.3543
  epoch 12/15 | batch 10500/13705 | loss 0.3493 | avg 0.3543
  epoch 12/15 | batch 10600/13705 | loss 0.3496 | avg 0.3543
  epoch 12/15 | batch 10700/13705 | loss 0.3529 | avg 0.3543
  epoch 12/15 | batch 10800/13705 | loss 0.3622 | avg 0.3543
  epoch 12/15 | batch 10900/13705 | loss 0.3495 | avg 0.3543
  epoch 12/15 | batch 11000/13705 | loss 0.3760 | avg 0.3543
  epoch 12/15 | batch 11100/13705 | loss 0.3388 | avg 0.3543
  epoch 12/15 | batch 11200/13705 | loss 0.3681 | avg 0.3543
  epoch 12/15 | batch 11300/13705 | loss 0.3631 | avg 0.3543
  epoch 12/15 | batch 11400/13705 | loss 0.3582 | avg 0.3543
  epoch 12/15 | batch 11500/13705 | loss 0.3462 | avg 0.3543
  epoch 12/15 | batch 11600/13705 | loss 0.3741 | avg 0.3543
  epoch 12/15 | batch 11700/13705 | loss 0.3575 | avg 0.3543
  epoch 12/15 | batch 11800/13705 | loss 0.3569 | avg 0.3543
  epoch 12/15 | batch 11900/13705 | loss 0.3754 | avg 0.3543
  epoch 12/15 | batch 12000/13705 | loss 0.3528 | avg 0.3543
  epoch 12/15 | batch 12100/13705 | loss 0.3528 | avg 0.3543
  epoch 12/15 | batch 12200/13705 | loss 0.3502 | avg 0.3543
  epoch 12/15 | batch 12300/13705 | loss 0.3395 | avg 0.3543
  epoch 12/15 | batch 12400/13705 | loss 0.3601 | avg 0.3543
  epoch 12/15 | batch 12500/13705 | loss 0.3514 | avg 0.3543
  epoch 12/15 | batch 12600/13705 | loss 0.3577 | avg 0.3543
  epoch 12/15 | batch 12700/13705 | loss 0.3582 | avg 0.3544
  epoch 12/15 | batch 12800/13705 | loss 0.3465 | avg 0.3544
  epoch 12/15 | batch 12900/13705 | loss 0.3425 | avg 0.3544
  epoch 12/15 | batch 13000/13705 | loss 0.3527 | avg 0.3544
  epoch 12/15 | batch 13100/13705 | loss 0.3588 | avg 0.3544
  epoch 12/15 | batch 13200/13705 | loss 0.3677 | avg 0.3544
  epoch 12/15 | batch 13300/13705 | loss 0.3597 | avg 0.3544
  epoch 12/15 | batch 13400/13705 | loss 0.3674 | avg 0.3544
  epoch 12/15 | batch 13500/13705 | loss 0.3697 | avg 0.3544
  epoch 12/15 | batch 13600/13705 | loss 0.3365 | avg 0.3544
  epoch 12/15 | batch 13700/13705 | loss 0.3857 | avg 0.3544
Epoch 12/15 | average loss 0.3544
  epoch 13/15 | batch 100/13705 | loss 0.3711 | avg 0.3517
  epoch 13/15 | batch 200/13705 | loss 0.3496 | avg 0.3520
  epoch 13/15 | batch 300/13705 | loss 0.3610 | avg 0.3517
  epoch 13/15 | batch 400/13705 | loss 0.3636 | avg 0.3521
  epoch 13/15 | batch 500/13705 | loss 0.3548 | avg 0.3524
  epoch 13/15 | batch 600/13705 | loss 0.3691 | avg 0.3525
  epoch 13/15 | batch 700/13705 | loss 0.3598 | avg 0.3526
  epoch 13/15 | batch 800/13705 | loss 0.3550 | avg 0.3528
  epoch 13/15 | batch 900/13705 | loss 0.3604 | avg 0.3529
  epoch 13/15 | batch 1000/13705 | loss 0.3468 | avg 0.3529
  epoch 13/15 | batch 1100/13705 | loss 0.3527 | avg 0.3530
  epoch 13/15 | batch 1200/13705 | loss 0.3686 | avg 0.3530
  epoch 13/15 | batch 1300/13705 | loss 0.3568 | avg 0.3530
  epoch 13/15 | batch 1400/13705 | loss 0.3478 | avg 0.3529
  epoch 13/15 | batch 1500/13705 | loss 0.3559 | avg 0.3528
  epoch 13/15 | batch 1600/13705 | loss 0.3469 | avg 0.3528
  epoch 13/15 | batch 1700/13705 | loss 0.3542 | avg 0.3528
  epoch 13/15 | batch 1800/13705 | loss 0.3594 | avg 0.3528
  epoch 13/15 | batch 1900/13705 | loss 0.3636 | avg 0.3528
  epoch 13/15 | batch 2000/13705 | loss 0.3571 | avg 0.3528
  epoch 13/15 | batch 2100/13705 | loss 0.3539 | avg 0.3528
  epoch 13/15 | batch 2200/13705 | loss 0.3606 | avg 0.3528
  epoch 13/15 | batch 2300/13705 | loss 0.3493 | avg 0.3529
  epoch 13/15 | batch 2400/13705 | loss 0.3521 | avg 0.3529
  epoch 13/15 | batch 2500/13705 | loss 0.3552 | avg 0.3529
  epoch 13/15 | batch 2600/13705 | loss 0.3604 | avg 0.3529
  epoch 13/15 | batch 2700/13705 | loss 0.3654 | avg 0.3529
  epoch 13/15 | batch 2800/13705 | loss 0.3622 | avg 0.3529
  epoch 13/15 | batch 2900/13705 | loss 0.3394 | avg 0.3530
  epoch 13/15 | batch 3000/13705 | loss 0.3473 | avg 0.3530
  epoch 13/15 | batch 3100/13705 | loss 0.3409 | avg 0.3530
  epoch 13/15 | batch 3200/13705 | loss 0.3451 | avg 0.3530
  epoch 13/15 | batch 3300/13705 | loss 0.3464 | avg 0.3531
  epoch 13/15 | batch 3400/13705 | loss 0.3606 | avg 0.3531
  epoch 13/15 | batch 3500/13705 | loss 0.3494 | avg 0.3531
  epoch 13/15 | batch 3600/13705 | loss 0.3566 | avg 0.3532
  epoch 13/15 | batch 3700/13705 | loss 0.3515 | avg 0.3532
  epoch 13/15 | batch 3800/13705 | loss 0.3460 | avg 0.3532
  epoch 13/15 | batch 3900/13705 | loss 0.3457 | avg 0.3532
  epoch 13/15 | batch 4000/13705 | loss 0.3467 | avg 0.3532
  epoch 13/15 | batch 4100/13705 | loss 0.3660 | avg 0.3532
  epoch 13/15 | batch 4200/13705 | loss 0.3468 | avg 0.3532
  epoch 13/15 | batch 4300/13705 | loss 0.3421 | avg 0.3533
  epoch 13/15 | batch 4400/13705 | loss 0.3400 | avg 0.3533
  epoch 13/15 | batch 4500/13705 | loss 0.3663 | avg 0.3533
  epoch 13/15 | batch 4600/13705 | loss 0.3416 | avg 0.3533
  epoch 13/15 | batch 4700/13705 | loss 0.3593 | avg 0.3533
  epoch 13/15 | batch 4800/13705 | loss 0.3480 | avg 0.3534
  epoch 13/15 | batch 4900/13705 | loss 0.3567 | avg 0.3534
  epoch 13/15 | batch 5000/13705 | loss 0.3558 | avg 0.3534
  epoch 13/15 | batch 5100/13705 | loss 0.3573 | avg 0.3534
  epoch 13/15 | batch 5200/13705 | loss 0.3607 | avg 0.3534
  epoch 13/15 | batch 5300/13705 | loss 0.3567 | avg 0.3534
  epoch 13/15 | batch 5400/13705 | loss 0.3429 | avg 0.3534
  epoch 13/15 | batch 5500/13705 | loss 0.3547 | avg 0.3533
  epoch 13/15 | batch 5600/13705 | loss 0.3630 | avg 0.3533
  epoch 13/15 | batch 5700/13705 | loss 0.3462 | avg 0.3533
  epoch 13/15 | batch 5800/13705 | loss 0.3337 | avg 0.3534
  epoch 13/15 | batch 5900/13705 | loss 0.3554 | avg 0.3534
  epoch 13/15 | batch 6000/13705 | loss 0.3537 | avg 0.3534
  epoch 13/15 | batch 6100/13705 | loss 0.3424 | avg 0.3534
  epoch 13/15 | batch 6200/13705 | loss 0.3617 | avg 0.3534
  epoch 13/15 | batch 6300/13705 | loss 0.3502 | avg 0.3534
  epoch 13/15 | batch 6400/13705 | loss 0.3578 | avg 0.3534
  epoch 13/15 | batch 6500/13705 | loss 0.3392 | avg 0.3534
  epoch 13/15 | batch 6600/13705 | loss 0.3634 | avg 0.3534
  epoch 13/15 | batch 6700/13705 | loss 0.3592 | avg 0.3534
  epoch 13/15 | batch 6800/13705 | loss 0.3458 | avg 0.3534
  epoch 13/15 | batch 6900/13705 | loss 0.3526 | avg 0.3534
  epoch 13/15 | batch 7000/13705 | loss 0.3538 | avg 0.3534
  epoch 13/15 | batch 7100/13705 | loss 0.3504 | avg 0.3535
  epoch 13/15 | batch 7200/13705 | loss 0.3730 | avg 0.3534
  epoch 13/15 | batch 7300/13705 | loss 0.3639 | avg 0.3535
  epoch 13/15 | batch 7400/13705 | loss 0.3513 | avg 0.3535
  epoch 13/15 | batch 7500/13705 | loss 0.3469 | avg 0.3535
  epoch 13/15 | batch 7600/13705 | loss 0.3598 | avg 0.3535
  epoch 13/15 | batch 7700/13705 | loss 0.3490 | avg 0.3535
  epoch 13/15 | batch 7800/13705 | loss 0.3617 | avg 0.3534
  epoch 13/15 | batch 7900/13705 | loss 0.3470 | avg 0.3534
  epoch 13/15 | batch 8000/13705 | loss 0.3528 | avg 0.3535
  epoch 13/15 | batch 8100/13705 | loss 0.3658 | avg 0.3535
  epoch 13/15 | batch 8200/13705 | loss 0.3480 | avg 0.3535
  epoch 13/15 | batch 8300/13705 | loss 0.3723 | avg 0.3535
  epoch 13/15 | batch 8400/13705 | loss 0.3531 | avg 0.3535
  epoch 13/15 | batch 8500/13705 | loss 0.3491 | avg 0.3535
  epoch 13/15 | batch 8600/13705 | loss 0.3563 | avg 0.3535
  epoch 13/15 | batch 8700/13705 | loss 0.3604 | avg 0.3535
  epoch 13/15 | batch 8800/13705 | loss 0.3550 | avg 0.3536
  epoch 13/15 | batch 8900/13705 | loss 0.3482 | avg 0.3536
  epoch 13/15 | batch 9000/13705 | loss 0.3523 | avg 0.3536
  epoch 13/15 | batch 9100/13705 | loss 0.3452 | avg 0.3536
  epoch 13/15 | batch 9200/13705 | loss 0.3506 | avg 0.3536
  epoch 13/15 | batch 9300/13705 | loss 0.3504 | avg 0.3536
  epoch 13/15 | batch 9400/13705 | loss 0.3537 | avg 0.3536
  epoch 13/15 | batch 9500/13705 | loss 0.3576 | avg 0.3536
  epoch 13/15 | batch 9600/13705 | loss 0.3556 | avg 0.3536
  epoch 13/15 | batch 9700/13705 | loss 0.3310 | avg 0.3536
  epoch 13/15 | batch 9800/13705 | loss 0.3515 | avg 0.3536
  epoch 13/15 | batch 9900/13705 | loss 0.3560 | avg 0.3536
  epoch 13/15 | batch 10000/13705 | loss 0.3717 | avg 0.3537
  epoch 13/15 | batch 10100/13705 | loss 0.3669 | avg 0.3537
  epoch 13/15 | batch 10200/13705 | loss 0.3438 | avg 0.3537
  epoch 13/15 | batch 10300/13705 | loss 0.3515 | avg 0.3537
  epoch 13/15 | batch 10400/13705 | loss 0.3667 | avg 0.3537
  epoch 13/15 | batch 10500/13705 | loss 0.3449 | avg 0.3537
  epoch 13/15 | batch 10600/13705 | loss 0.3639 | avg 0.3537
  epoch 13/15 | batch 10700/13705 | loss 0.3469 | avg 0.3537
  epoch 13/15 | batch 10800/13705 | loss 0.3572 | avg 0.3537
  epoch 13/15 | batch 10900/13705 | loss 0.3543 | avg 0.3537
  epoch 13/15 | batch 11000/13705 | loss 0.3476 | avg 0.3537
  epoch 13/15 | batch 11100/13705 | loss 0.3557 | avg 0.3537
  epoch 13/15 | batch 11200/13705 | loss 0.3642 | avg 0.3537
  epoch 13/15 | batch 11300/13705 | loss 0.3546 | avg 0.3537
  epoch 13/15 | batch 11400/13705 | loss 0.3553 | avg 0.3537
  epoch 13/15 | batch 11500/13705 | loss 0.3407 | avg 0.3537
  epoch 13/15 | batch 11600/13705 | loss 0.3589 | avg 0.3537
  epoch 13/15 | batch 11700/13705 | loss 0.3481 | avg 0.3537
  epoch 13/15 | batch 11800/13705 | loss 0.3492 | avg 0.3537
  epoch 13/15 | batch 11900/13705 | loss 0.3628 | avg 0.3537
  epoch 13/15 | batch 12000/13705 | loss 0.3365 | avg 0.3537
  epoch 13/15 | batch 12100/13705 | loss 0.3585 | avg 0.3537
  epoch 13/15 | batch 12200/13705 | loss 0.3483 | avg 0.3537
  epoch 13/15 | batch 12300/13705 | loss 0.3423 | avg 0.3537
  epoch 13/15 | batch 12400/13705 | loss 0.3567 | avg 0.3537
  epoch 13/15 | batch 12500/13705 | loss 0.3401 | avg 0.3537
  epoch 13/15 | batch 12600/13705 | loss 0.3490 | avg 0.3537
  epoch 13/15 | batch 12700/13705 | loss 0.3521 | avg 0.3537
  epoch 13/15 | batch 12800/13705 | loss 0.3631 | avg 0.3537
  epoch 13/15 | batch 12900/13705 | loss 0.3505 | avg 0.3537
  epoch 13/15 | batch 13000/13705 | loss 0.3414 | avg 0.3537
  epoch 13/15 | batch 13100/13705 | loss 0.3631 | avg 0.3537
  epoch 13/15 | batch 13200/13705 | loss 0.3601 | avg 0.3537
  epoch 13/15 | batch 13300/13705 | loss 0.3494 | avg 0.3537
  epoch 13/15 | batch 13400/13705 | loss 0.3713 | avg 0.3537
  epoch 13/15 | batch 13500/13705 | loss 0.3508 | avg 0.3537
  epoch 13/15 | batch 13600/13705 | loss 0.3659 | avg 0.3537
  epoch 13/15 | batch 13700/13705 | loss 0.3623 | avg 0.3537
Epoch 13/15 | average loss 0.3537
  epoch 14/15 | batch 100/13705 | loss 0.3647 | avg 0.3525
  epoch 14/15 | batch 200/13705 | loss 0.3563 | avg 0.3528
  epoch 14/15 | batch 300/13705 | loss 0.3573 | avg 0.3527
  epoch 14/15 | batch 400/13705 | loss 0.3628 | avg 0.3529
  epoch 14/15 | batch 500/13705 | loss 0.3463 | avg 0.3526
  epoch 14/15 | batch 600/13705 | loss 0.3403 | avg 0.3525
  epoch 14/15 | batch 700/13705 | loss 0.3443 | avg 0.3525
  epoch 14/15 | batch 800/13705 | loss 0.3414 | avg 0.3524
  epoch 14/15 | batch 900/13705 | loss 0.3520 | avg 0.3524
  epoch 14/15 | batch 1000/13705 | loss 0.3426 | avg 0.3525
  epoch 14/15 | batch 1100/13705 | loss 0.3527 | avg 0.3526
  epoch 14/15 | batch 1200/13705 | loss 0.3661 | avg 0.3526
  epoch 14/15 | batch 1300/13705 | loss 0.3544 | avg 0.3525
  epoch 14/15 | batch 1400/13705 | loss 0.3591 | avg 0.3525
  epoch 14/15 | batch 1500/13705 | loss 0.3485 | avg 0.3525
  epoch 14/15 | batch 1600/13705 | loss 0.3474 | avg 0.3524
  epoch 14/15 | batch 1700/13705 | loss 0.3472 | avg 0.3525
  epoch 14/15 | batch 1800/13705 | loss 0.3625 | avg 0.3524
  epoch 14/15 | batch 1900/13705 | loss 0.3548 | avg 0.3524
  epoch 14/15 | batch 2000/13705 | loss 0.3526 | avg 0.3525
  epoch 14/15 | batch 2100/13705 | loss 0.3575 | avg 0.3526
  epoch 14/15 | batch 2200/13705 | loss 0.3518 | avg 0.3526
  epoch 14/15 | batch 2300/13705 | loss 0.3586 | avg 0.3526
  epoch 14/15 | batch 2400/13705 | loss 0.3524 | avg 0.3526
  epoch 14/15 | batch 2500/13705 | loss 0.3631 | avg 0.3526
  epoch 14/15 | batch 2600/13705 | loss 0.3384 | avg 0.3526
  epoch 14/15 | batch 2700/13705 | loss 0.3540 | avg 0.3526
  epoch 14/15 | batch 2800/13705 | loss 0.3510 | avg 0.3526
  epoch 14/15 | batch 2900/13705 | loss 0.3658 | avg 0.3527
  epoch 14/15 | batch 3000/13705 | loss 0.3620 | avg 0.3527
  epoch 14/15 | batch 3100/13705 | loss 0.3510 | avg 0.3527
  epoch 14/15 | batch 3200/13705 | loss 0.3418 | avg 0.3527
  epoch 14/15 | batch 3300/13705 | loss 0.3509 | avg 0.3527
  epoch 14/15 | batch 3400/13705 | loss 0.3515 | avg 0.3527
  epoch 14/15 | batch 3500/13705 | loss 0.3567 | avg 0.3526
  epoch 14/15 | batch 3600/13705 | loss 0.3502 | avg 0.3527
  epoch 14/15 | batch 3700/13705 | loss 0.3508 | avg 0.3527
  epoch 14/15 | batch 3800/13705 | loss 0.3515 | avg 0.3527
  epoch 14/15 | batch 3900/13705 | loss 0.3629 | avg 0.3527
  epoch 14/15 | batch 4000/13705 | loss 0.3566 | avg 0.3527
  epoch 14/15 | batch 4100/13705 | loss 0.3405 | avg 0.3527
  epoch 14/15 | batch 4200/13705 | loss 0.3578 | avg 0.3527
  epoch 14/15 | batch 4300/13705 | loss 0.3591 | avg 0.3527
  epoch 14/15 | batch 4400/13705 | loss 0.3424 | avg 0.3527
  epoch 14/15 | batch 4500/13705 | loss 0.3462 | avg 0.3527
  epoch 14/15 | batch 4600/13705 | loss 0.3480 | avg 0.3527
  epoch 14/15 | batch 4700/13705 | loss 0.3385 | avg 0.3527
  epoch 14/15 | batch 4800/13705 | loss 0.3659 | avg 0.3527
  epoch 14/15 | batch 4900/13705 | loss 0.3437 | avg 0.3527
  epoch 14/15 | batch 5000/13705 | loss 0.3511 | avg 0.3527
  epoch 14/15 | batch 5100/13705 | loss 0.3588 | avg 0.3527
  epoch 14/15 | batch 5200/13705 | loss 0.3402 | avg 0.3527
  epoch 14/15 | batch 5300/13705 | loss 0.3654 | avg 0.3527
  epoch 14/15 | batch 5400/13705 | loss 0.3430 | avg 0.3527
  epoch 14/15 | batch 5500/13705 | loss 0.3461 | avg 0.3527
  epoch 14/15 | batch 5600/13705 | loss 0.3520 | avg 0.3527
  epoch 14/15 | batch 5700/13705 | loss 0.3444 | avg 0.3528
  epoch 14/15 | batch 5800/13705 | loss 0.3433 | avg 0.3528
  epoch 14/15 | batch 5900/13705 | loss 0.3555 | avg 0.3528
  epoch 14/15 | batch 6000/13705 | loss 0.3466 | avg 0.3528
  epoch 14/15 | batch 6100/13705 | loss 0.3446 | avg 0.3528
  epoch 14/15 | batch 6200/13705 | loss 0.3507 | avg 0.3528
  epoch 14/15 | batch 6300/13705 | loss 0.3527 | avg 0.3528
  epoch 14/15 | batch 6400/13705 | loss 0.3606 | avg 0.3529
  epoch 14/15 | batch 6500/13705 | loss 0.3523 | avg 0.3529
  epoch 14/15 | batch 6600/13705 | loss 0.3373 | avg 0.3529
  epoch 14/15 | batch 6700/13705 | loss 0.3555 | avg 0.3529
  epoch 14/15 | batch 6800/13705 | loss 0.3468 | avg 0.3529
  epoch 14/15 | batch 6900/13705 | loss 0.3596 | avg 0.3529
  epoch 14/15 | batch 7000/13705 | loss 0.3571 | avg 0.3529
  epoch 14/15 | batch 7100/13705 | loss 0.3505 | avg 0.3529
  epoch 14/15 | batch 7200/13705 | loss 0.3639 | avg 0.3529
  epoch 14/15 | batch 7300/13705 | loss 0.3509 | avg 0.3529
  epoch 14/15 | batch 7400/13705 | loss 0.3477 | avg 0.3529
  epoch 14/15 | batch 7500/13705 | loss 0.3636 | avg 0.3529
  epoch 14/15 | batch 7600/13705 | loss 0.3493 | avg 0.3529
  epoch 14/15 | batch 7700/13705 | loss 0.3548 | avg 0.3529
  epoch 14/15 | batch 7800/13705 | loss 0.3446 | avg 0.3529
  epoch 14/15 | batch 7900/13705 | loss 0.3619 | avg 0.3529
  epoch 14/15 | batch 8000/13705 | loss 0.3604 | avg 0.3529
  epoch 14/15 | batch 8100/13705 | loss 0.3607 | avg 0.3529
  epoch 14/15 | batch 8200/13705 | loss 0.3640 | avg 0.3529
  epoch 14/15 | batch 8300/13705 | loss 0.3425 | avg 0.3529
  epoch 14/15 | batch 8400/13705 | loss 0.3594 | avg 0.3529
  epoch 14/15 | batch 8500/13705 | loss 0.3447 | avg 0.3529
  epoch 14/15 | batch 8600/13705 | loss 0.3583 | avg 0.3529
  epoch 14/15 | batch 8700/13705 | loss 0.3522 | avg 0.3529
  epoch 14/15 | batch 8800/13705 | loss 0.3670 | avg 0.3529
  epoch 14/15 | batch 8900/13705 | loss 0.3610 | avg 0.3530
  epoch 14/15 | batch 9000/13705 | loss 0.3733 | avg 0.3529
  epoch 14/15 | batch 9100/13705 | loss 0.3713 | avg 0.3529
  epoch 14/15 | batch 9200/13705 | loss 0.3614 | avg 0.3529
  epoch 14/15 | batch 9300/13705 | loss 0.3687 | avg 0.3530
  epoch 14/15 | batch 9400/13705 | loss 0.3473 | avg 0.3530
  epoch 14/15 | batch 9500/13705 | loss 0.3544 | avg 0.3530
  epoch 14/15 | batch 9600/13705 | loss 0.3518 | avg 0.3530
  epoch 14/15 | batch 9700/13705 | loss 0.3551 | avg 0.3530
  epoch 14/15 | batch 9800/13705 | loss 0.3586 | avg 0.3530
  epoch 14/15 | batch 9900/13705 | loss 0.3660 | avg 0.3530
  epoch 14/15 | batch 10000/13705 | loss 0.3547 | avg 0.3530
  epoch 14/15 | batch 10100/13705 | loss 0.3545 | avg 0.3530
  epoch 14/15 | batch 10200/13705 | loss 0.3639 | avg 0.3530
  epoch 14/15 | batch 10300/13705 | loss 0.3655 | avg 0.3530
  epoch 14/15 | batch 10400/13705 | loss 0.3496 | avg 0.3530
  epoch 14/15 | batch 10500/13705 | loss 0.3469 | avg 0.3530
  epoch 14/15 | batch 10600/13705 | loss 0.3532 | avg 0.3530
  epoch 14/15 | batch 10700/13705 | loss 0.3714 | avg 0.3530
  epoch 14/15 | batch 10800/13705 | loss 0.3681 | avg 0.3530
  epoch 14/15 | batch 10900/13705 | loss 0.3527 | avg 0.3530
  epoch 14/15 | batch 11000/13705 | loss 0.3653 | avg 0.3530
  epoch 14/15 | batch 11100/13705 | loss 0.3484 | avg 0.3530
  epoch 14/15 | batch 11200/13705 | loss 0.3392 | avg 0.3530
  epoch 14/15 | batch 11300/13705 | loss 0.3444 | avg 0.3530
  epoch 14/15 | batch 11400/13705 | loss 0.3663 | avg 0.3530
  epoch 14/15 | batch 11500/13705 | loss 0.3562 | avg 0.3530
  epoch 14/15 | batch 11600/13705 | loss 0.3480 | avg 0.3531
  epoch 14/15 | batch 11700/13705 | loss 0.3512 | avg 0.3531
  epoch 14/15 | batch 11800/13705 | loss 0.3508 | avg 0.3531
  epoch 14/15 | batch 11900/13705 | loss 0.3509 | avg 0.3531
  epoch 14/15 | batch 12000/13705 | loss 0.3518 | avg 0.3531
  epoch 14/15 | batch 12100/13705 | loss 0.3643 | avg 0.3531
  epoch 14/15 | batch 12200/13705 | loss 0.3628 | avg 0.3531
  epoch 14/15 | batch 12300/13705 | loss 0.3553 | avg 0.3531
  epoch 14/15 | batch 12400/13705 | loss 0.3667 | avg 0.3531
  epoch 14/15 | batch 12500/13705 | loss 0.3478 | avg 0.3531
  epoch 14/15 | batch 12600/13705 | loss 0.3530 | avg 0.3531
  epoch 14/15 | batch 12700/13705 | loss 0.3540 | avg 0.3531
  epoch 14/15 | batch 12800/13705 | loss 0.3661 | avg 0.3531
  epoch 14/15 | batch 12900/13705 | loss 0.3526 | avg 0.3531
  epoch 14/15 | batch 13000/13705 | loss 0.3642 | avg 0.3531
  epoch 14/15 | batch 13100/13705 | loss 0.3767 | avg 0.3531
  epoch 14/15 | batch 13200/13705 | loss 0.3522 | avg 0.3531
  epoch 14/15 | batch 13300/13705 | loss 0.3537 | avg 0.3531
  epoch 14/15 | batch 13400/13705 | loss 0.3499 | avg 0.3532
  epoch 14/15 | batch 13500/13705 | loss 0.3463 | avg 0.3532
  epoch 14/15 | batch 13600/13705 | loss 0.3380 | avg 0.3532
  epoch 14/15 | batch 13700/13705 | loss 0.3541 | avg 0.3532
Epoch 14/15 | average loss 0.3532
  epoch 15/15 | batch 100/13705 | loss 0.3403 | avg 0.3501
  epoch 15/15 | batch 200/13705 | loss 0.3565 | avg 0.3509
  epoch 15/15 | batch 300/13705 | loss 0.3518 | avg 0.3516
  epoch 15/15 | batch 400/13705 | loss 0.3713 | avg 0.3514
  epoch 15/15 | batch 500/13705 | loss 0.3439 | avg 0.3516
  epoch 15/15 | batch 600/13705 | loss 0.3515 | avg 0.3513
  epoch 15/15 | batch 700/13705 | loss 0.3533 | avg 0.3513
  epoch 15/15 | batch 800/13705 | loss 0.3543 | avg 0.3513
  epoch 15/15 | batch 900/13705 | loss 0.3476 | avg 0.3512
  epoch 15/15 | batch 1000/13705 | loss 0.3388 | avg 0.3512
  epoch 15/15 | batch 1100/13705 | loss 0.3492 | avg 0.3514
  epoch 15/15 | batch 1200/13705 | loss 0.3616 | avg 0.3514
  epoch 15/15 | batch 1300/13705 | loss 0.3587 | avg 0.3514
  epoch 15/15 | batch 1400/13705 | loss 0.3535 | avg 0.3513
  epoch 15/15 | batch 1500/13705 | loss 0.3435 | avg 0.3514
  epoch 15/15 | batch 1600/13705 | loss 0.3586 | avg 0.3515
  epoch 15/15 | batch 1700/13705 | loss 0.3572 | avg 0.3515
  epoch 15/15 | batch 1800/13705 | loss 0.3527 | avg 0.3515
  epoch 15/15 | batch 1900/13705 | loss 0.3588 | avg 0.3516
  epoch 15/15 | batch 2000/13705 | loss 0.3543 | avg 0.3516
  epoch 15/15 | batch 2100/13705 | loss 0.3454 | avg 0.3516
  epoch 15/15 | batch 2200/13705 | loss 0.3605 | avg 0.3517
  epoch 15/15 | batch 2300/13705 | loss 0.3608 | avg 0.3517
  epoch 15/15 | batch 2400/13705 | loss 0.3485 | avg 0.3518
  epoch 15/15 | batch 2500/13705 | loss 0.3596 | avg 0.3518
  epoch 15/15 | batch 2600/13705 | loss 0.3464 | avg 0.3518
  epoch 15/15 | batch 2700/13705 | loss 0.3463 | avg 0.3518
  epoch 15/15 | batch 2800/13705 | loss 0.3552 | avg 0.3519
  epoch 15/15 | batch 2900/13705 | loss 0.3510 | avg 0.3519
  epoch 15/15 | batch 3000/13705 | loss 0.3752 | avg 0.3519
  epoch 15/15 | batch 3100/13705 | loss 0.3495 | avg 0.3520
  epoch 15/15 | batch 3200/13705 | loss 0.3463 | avg 0.3520
  epoch 15/15 | batch 3300/13705 | loss 0.3414 | avg 0.3520
  epoch 15/15 | batch 3400/13705 | loss 0.3412 | avg 0.3520
  epoch 15/15 | batch 3500/13705 | loss 0.3520 | avg 0.3520
  epoch 15/15 | batch 3600/13705 | loss 0.3507 | avg 0.3520
  epoch 15/15 | batch 3700/13705 | loss 0.3738 | avg 0.3521
  epoch 15/15 | batch 3800/13705 | loss 0.3459 | avg 0.3520
  epoch 15/15 | batch 3900/13705 | loss 0.3470 | avg 0.3520
  epoch 15/15 | batch 4000/13705 | loss 0.3577 | avg 0.3520
  epoch 15/15 | batch 4100/13705 | loss 0.3478 | avg 0.3520
  epoch 15/15 | batch 4200/13705 | loss 0.3586 | avg 0.3520
  epoch 15/15 | batch 4300/13705 | loss 0.3479 | avg 0.3520
  epoch 15/15 | batch 4400/13705 | loss 0.3504 | avg 0.3520
  epoch 15/15 | batch 4500/13705 | loss 0.3718 | avg 0.3520
  epoch 15/15 | batch 4600/13705 | loss 0.3521 | avg 0.3521
  epoch 15/15 | batch 4700/13705 | loss 0.3484 | avg 0.3521
  epoch 15/15 | batch 4800/13705 | loss 0.3387 | avg 0.3521
  epoch 15/15 | batch 4900/13705 | loss 0.3803 | avg 0.3521
  epoch 15/15 | batch 5000/13705 | loss 0.3413 | avg 0.3521
  epoch 15/15 | batch 5100/13705 | loss 0.3600 | avg 0.3522
  epoch 15/15 | batch 5200/13705 | loss 0.3648 | avg 0.3522
  epoch 15/15 | batch 5300/13705 | loss 0.3502 | avg 0.3521
  epoch 15/15 | batch 5400/13705 | loss 0.3534 | avg 0.3521
  epoch 15/15 | batch 5500/13705 | loss 0.3494 | avg 0.3522
  epoch 15/15 | batch 5600/13705 | loss 0.3631 | avg 0.3522
  epoch 15/15 | batch 5700/13705 | loss 0.3474 | avg 0.3522
  epoch 15/15 | batch 5800/13705 | loss 0.3480 | avg 0.3522
  epoch 15/15 | batch 5900/13705 | loss 0.3354 | avg 0.3522
  epoch 15/15 | batch 6000/13705 | loss 0.3500 | avg 0.3522
  epoch 15/15 | batch 6100/13705 | loss 0.3567 | avg 0.3522
  epoch 15/15 | batch 6200/13705 | loss 0.3506 | avg 0.3522
  epoch 15/15 | batch 6300/13705 | loss 0.3556 | avg 0.3522
  epoch 15/15 | batch 6400/13705 | loss 0.3526 | avg 0.3522
  epoch 15/15 | batch 6500/13705 | loss 0.3560 | avg 0.3522
  epoch 15/15 | batch 6600/13705 | loss 0.3615 | avg 0.3522
  epoch 15/15 | batch 6700/13705 | loss 0.3572 | avg 0.3523
  epoch 15/15 | batch 6800/13705 | loss 0.3566 | avg 0.3523
  epoch 15/15 | batch 6900/13705 | loss 0.3618 | avg 0.3523
  epoch 15/15 | batch 7000/13705 | loss 0.3514 | avg 0.3523
  epoch 15/15 | batch 7100/13705 | loss 0.3529 | avg 0.3523
  epoch 15/15 | batch 7200/13705 | loss 0.3788 | avg 0.3523
  epoch 15/15 | batch 7300/13705 | loss 0.3638 | avg 0.3523
  epoch 15/15 | batch 7400/13705 | loss 0.3342 | avg 0.3523
  epoch 15/15 | batch 7500/13705 | loss 0.3494 | avg 0.3523
  epoch 15/15 | batch 7600/13705 | loss 0.3380 | avg 0.3523
  epoch 15/15 | batch 7700/13705 | loss 0.3594 | avg 0.3523
  epoch 15/15 | batch 7800/13705 | loss 0.3627 | avg 0.3523
  epoch 15/15 | batch 7900/13705 | loss 0.3520 | avg 0.3523
  epoch 15/15 | batch 8000/13705 | loss 0.3623 | avg 0.3523
  epoch 15/15 | batch 8100/13705 | loss 0.3511 | avg 0.3523
  epoch 15/15 | batch 8200/13705 | loss 0.3654 | avg 0.3523
  epoch 15/15 | batch 8300/13705 | loss 0.3421 | avg 0.3524
  epoch 15/15 | batch 8400/13705 | loss 0.3526 | avg 0.3524
  epoch 15/15 | batch 8500/13705 | loss 0.3606 | avg 0.3524
  epoch 15/15 | batch 8600/13705 | loss 0.3600 | avg 0.3524
  epoch 15/15 | batch 8700/13705 | loss 0.3447 | avg 0.3524
  epoch 15/15 | batch 8800/13705 | loss 0.3617 | avg 0.3524
  epoch 15/15 | batch 8900/13705 | loss 0.3696 | avg 0.3524
  epoch 15/15 | batch 9000/13705 | loss 0.3389 | avg 0.3524
  epoch 15/15 | batch 9100/13705 | loss 0.3397 | avg 0.3524
  epoch 15/15 | batch 9200/13705 | loss 0.3588 | avg 0.3524
  epoch 15/15 | batch 9300/13705 | loss 0.3534 | avg 0.3524
  epoch 15/15 | batch 9400/13705 | loss 0.3604 | avg 0.3524
  epoch 15/15 | batch 9500/13705 | loss 0.3446 | avg 0.3524
  epoch 15/15 | batch 9600/13705 | loss 0.3432 | avg 0.3525
  epoch 15/15 | batch 9700/13705 | loss 0.3535 | avg 0.3525
  epoch 15/15 | batch 9800/13705 | loss 0.3543 | avg 0.3525
  epoch 15/15 | batch 9900/13705 | loss 0.3565 | avg 0.3525
  epoch 15/15 | batch 10000/13705 | loss 0.3477 | avg 0.3525
  epoch 15/15 | batch 10100/13705 | loss 0.3531 | avg 0.3525
  epoch 15/15 | batch 10200/13705 | loss 0.3394 | avg 0.3525
  epoch 15/15 | batch 10300/13705 | loss 0.3526 | avg 0.3525
  epoch 15/15 | batch 10400/13705 | loss 0.3629 | avg 0.3525
  epoch 15/15 | batch 10500/13705 | loss 0.3664 | avg 0.3525
  epoch 15/15 | batch 10600/13705 | loss 0.3718 | avg 0.3525
  epoch 15/15 | batch 10700/13705 | loss 0.3519 | avg 0.3525
  epoch 15/15 | batch 10800/13705 | loss 0.3531 | avg 0.3525
  epoch 15/15 | batch 10900/13705 | loss 0.3524 | avg 0.3525
  epoch 15/15 | batch 11000/13705 | loss 0.3448 | avg 0.3525
  epoch 15/15 | batch 11100/13705 | loss 0.3503 | avg 0.3525
  epoch 15/15 | batch 11200/13705 | loss 0.3577 | avg 0.3526
  epoch 15/15 | batch 11300/13705 | loss 0.3502 | avg 0.3526
  epoch 15/15 | batch 11400/13705 | loss 0.3453 | avg 0.3526
  epoch 15/15 | batch 11500/13705 | loss 0.3631 | avg 0.3526
  epoch 15/15 | batch 11600/13705 | loss 0.3610 | avg 0.3526
  epoch 15/15 | batch 11700/13705 | loss 0.3731 | avg 0.3526
  epoch 15/15 | batch 11800/13705 | loss 0.3480 | avg 0.3526
  epoch 15/15 | batch 11900/13705 | loss 0.3475 | avg 0.3526
  epoch 15/15 | batch 12000/13705 | loss 0.3551 | avg 0.3526
  epoch 15/15 | batch 12100/13705 | loss 0.3462 | avg 0.3526
  epoch 15/15 | batch 12200/13705 | loss 0.3532 | avg 0.3526
  epoch 15/15 | batch 12300/13705 | loss 0.3535 | avg 0.3526
  epoch 15/15 | batch 12400/13705 | loss 0.3714 | avg 0.3526
  epoch 15/15 | batch 12500/13705 | loss 0.3410 | avg 0.3526
  epoch 15/15 | batch 12600/13705 | loss 0.3513 | avg 0.3526
  epoch 15/15 | batch 12700/13705 | loss 0.3457 | avg 0.3526
  epoch 15/15 | batch 12800/13705 | loss 0.3483 | avg 0.3526
  epoch 15/15 | batch 12900/13705 | loss 0.3523 | avg 0.3526
  epoch 15/15 | batch 13000/13705 | loss 0.3535 | avg 0.3526
  epoch 15/15 | batch 13100/13705 | loss 0.3614 | avg 0.3526
  epoch 15/15 | batch 13200/13705 | loss 0.3657 | avg 0.3526
  epoch 15/15 | batch 13300/13705 | loss 0.3608 | avg 0.3526
  epoch 15/15 | batch 13400/13705 | loss 0.3480 | avg 0.3526
  epoch 15/15 | batch 13500/13705 | loss 0.3520 | avg 0.3526
  epoch 15/15 | batch 13600/13705 | loss 0.3471 | avg 0.3526
  epoch 15/15 | batch 13700/13705 | loss 0.3649 | avg 0.3526
Epoch 15/15 | average loss 0.3526
Saved model to /home/shanyq/shanyq/GCLSCmodel/GenMOO2/train/network.pth

Device: cuda
Vocabulary size: 125 | PAD index: 0
9,840 molecules loaded.
14,760 molecules in total after merged.
14,760 molecules are valid.
14,709 molecules are encoded.
Training data: 14709 sequences x 100 steps
Trainable parameters: 21636221
Refine batch size: 128 | batches per epoch: 114 | epochs: 5
100%|██████████████████████████████████████████| 114/114 [00:03<00:00, 29.46it/s]
Refine epoch 1/5 | average loss 1.0538
100%|██████████████████████████████████████████| 114/114 [00:03<00:00, 31.90it/s]
Refine epoch 2/5 | average loss 0.8337
100%|██████████████████████████████████████████| 114/114 [00:03<00:00, 31.81it/s]
Refine epoch 3/5 | average loss 0.7736
100%|██████████████████████████████████████████| 114/114 [00:03<00:00, 31.74it/s]
Refine epoch 4/5 | average loss 0.7343
100%|██████████████████████████████████████████| 114/114 [00:03<00:00, 31.68it/s]
Refine epoch 5/5 | average loss 0.7025
Saved refined model to /home/shanyq/shanyq/GCLSCmodel/GenMOO2/train/network_refined.pth

Device: cuda
Generated 2000/20000 unique molecules
Generated 4000/20000 unique molecules
Generated 6000/20000 unique molecules
Generated 8000/20000 unique molecules
Generated 10000/20000 unique molecules
Generated 12000/20000 unique molecules
Generated 14000/20000 unique molecules
Generated 16000/20000 unique molecules
Generated 18000/20000 unique molecules
Generated 20000/20000 unique molecules
Wrote 20000 unique molecules to results/new_molecules1.txt (total attempts: 20009)